Date,Open,High,Low,Close,Adj Close,Volume
3/29/2023,1966.10,1966.10,1966.10,1966.10,1966.10,21.00
3/28/2023,1972.40,1972.40,1972.40,1972.40,1972.40,21.00
3/27/2023,1957.20,1957.20,1952.40,1952.40,1952.40,877.00
3/24/2023,1991.70,1995.40,1982.10,1982.10,1982.10,19.00
3/23/2023,1990.50,1994.60,1990.50,1993.80,1993.80,33.00
3/22/2023,1946.80,1974.00,1946.80,1946.80,1946.80,50.00
3/21/2023,1973.80,1973.80,1938.00,1938.00,1938.00,47.00
3/20/2023,1988.30,2003.90,1968.90,1979.20,1979.20,389.00
3/17/2023,1946.00,1985.10,1946.00,1969.80,1969.80,82.00
3/16/2023,1909.90,1931.70,1909.90,1919.00,1919.00,394.00
3/15/2023,1903.90,1926.60,1898.50,1926.60,1926.60,564.00
3/14/2023,1912.20,1912.20,1901.10,1906.20,1906.20,107.00
3/13/2023,1890.80,1913.10,1875.10,1911.70,1911.70,503.00
3/10/2023,1852.30,1868.50,1852.00,1862.00,1862.00,248.00
3/9/2023,1816.40,1829.30,1815.60,1829.30,1829.30,332.00
3/8/2023,1811.60,1812.90,1811.50,1812.70,1812.70,75.00
3/7/2023,1840.90,1840.90,1813.90,1813.90,1813.90,450.00
3/6/2023,1853.30,1853.80,1844.20,1847.90,1847.90,5.00
3/3/2023,1837.30,1855.40,1837.30,1847.70,1847.70,61.00
3/2/2023,1830.00,1836.30,1830.00,1833.50,1833.50,154.00
3/1/2023,1827.10,1841.70,1827.10,1837.70,1837.70,211.00
2/28/2023,1808.10,1830.00,1808.10,1828.90,1828.90,618.00
2/27/2023,1811.60,1817.50,1808.90,1817.00,1817.00,829.00
2/24/2023,1808.80,1808.80,1808.80,1808.80,1808.80,404.00
2/23/2023,1826.40,1827.50,1818.00,1818.00,1818.00,291.00
2/22/2023,1835.70,1836.20,1825.10,1832.00,1832.00,278.00
2/21/2023,1842.60,1843.00,1833.00,1833.00,1833.00,862.00
2/17/2023,1827.40,1842.20,1818.40,1840.40,1840.40,35.00
2/16/2023,1838.60,1843.70,1827.20,1842.00,1842.00,222.00
2/15/2023,1842.00,1842.00,1828.20,1834.20,1834.20,368.00
2/14/2023,1854.10,1862.00,1846.20,1854.00,1854.00,656.00
2/13/2023,1859.00,1861.00,1850.00,1851.90,1851.90,569.00
2/10/2023,1861.60,1863.50,1852.40,1862.80,1862.80,27.00
2/9/2023,1875.30,1884.60,1859.80,1866.20,1866.20,223.00
2/8/2023,1872.10,1880.40,1872.10,1877.40,1877.40,230.00
2/7/2023,1870.00,1875.70,1868.00,1871.70,1871.70,297.00
2/6/2023,1865.60,1880.00,1863.40,1866.20,1866.20,424.00
2/3/2023,1912.40,1917.00,1861.50,1862.90,1862.90,992.00
2/2/2023,1952.30,1959.10,1911.30,1916.30,1916.30,748.00
2/1/2023,1927.20,1955.00,1922.00,1927.80,1927.80,2290.00
1/31/2023,1923.00,1930.40,1900.60,1929.50,1929.50,1910.00
1/30/2023,1928.30,1933.60,1920.30,1922.90,1922.90,27220.00
1/27/2023,1928.60,1928.60,1928.60,1928.60,1928.60,150902.00
1/26/2023,1936.60,1937.10,1927.10,1929.10,1929.10,131.00
1/25/2023,1941.20,1941.20,1939.80,1941.20,1941.20,7.00
1/24/2023,1931.80,1936.80,1931.80,1933.90,1933.90,201.00
1/23/2023,1926.50,1927.10,1915.00,1927.10,1927.10,218.00
1/20/2023,1922.10,1928.50,1921.40,1926.40,1926.40,1346.00
1/19/2023,1922.10,1931.80,1922.10,1922.10,1922.10,371.00
1/18/2023,1911.10,1911.10,1903.10,1904.40,1904.40,1027.00
1/17/2023,1920.10,1920.10,1905.20,1907.20,1907.20,706.00
1/16/2023,1920.10,1920.10,1912.40,1912.40,1912.40,512.00
1/13/2023,1899.00,1920.90,1898.30,1918.40,1918.40,512.00
1/12/2023,1877.20,1897.40,1877.20,1895.50,1895.50,59.00
1/11/2023,1873.10,1877.80,1873.10,1874.60,1874.60,1236.00
1/10/2023,1877.80,1878.10,1871.60,1871.60,1871.60,101.00
1/9/2023,1867.00,1880.00,1867.00,1872.70,1872.70,62.00
1/6/2023,1838.40,1868.20,1835.30,1864.20,1864.20,26.00
1/5/2023,1855.20,1855.20,1834.80,1834.80,1834.80,24.00
1/4/2023,1845.60,1859.10,1845.60,1852.80,1852.80,25.00
1/3/2023,1836.20,1839.70,1836.20,1839.70,1839.70,29.00
12/30/2022,1817.00,1822.30,1816.80,1819.70,1819.70,95.00
12/29/2022,1805.80,1819.50,1805.80,1819.50,1819.50,277.00
12/28/2022,1803.20,1807.90,1803.10,1807.90,1807.90,434.00
12/27/2022,1803.40,1826.30,1803.40,1814.80,1814.80,69.00
12/23/2022,1794.30,1802.80,1794.10,1795.90,1795.90,49.00
12/22/2022,1818.10,1818.10,1785.00,1787.00,1787.00,411.00
12/21/2022,1817.40,1821.40,1814.40,1815.90,1815.90,35.00
12/20/2022,1786.50,1821.40,1786.50,1815.90,1815.90,51.00
12/19/2022,1791.60,1796.30,1785.60,1787.70,1787.70,79.00
12/16/2022,1777.90,1791.40,1777.90,1790.00,1790.00,206.00
12/15/2022,1801.00,1801.00,1774.80,1777.20,1777.20,421.00
12/14/2022,1810.80,1812.80,1797.90,1807.50,1807.50,1074.00
12/13/2022,1780.70,1819.80,1780.50,1813.90,1813.90,205.00
12/12/2022,1787.30,1793.90,1777.70,1780.50,1780.50,85.00
12/9/2022,1794.90,1804.30,1791.10,1798.10,1798.10,125.00
12/8/2022,1782.00,1790.90,1782.00,1788.70,1788.70,713.00
12/7/2022,1769.30,1790.30,1769.30,1785.50,1785.50,422.00
12/6/2022,1768.60,1779.40,1767.90,1769.30,1769.30,105.00
12/5/2022,1795.70,1808.00,1764.30,1767.40,1767.40,1713.00
12/2/2022,1802.00,1802.30,1779.40,1795.90,1795.90,1725.00
12/1/2022,1768.70,1803.70,1768.70,1801.10,1801.10,1053.00
11/30/2022,1748.10,1769.40,1745.10,1746.00,1746.00,3339.00
11/29/2022,1739.50,1758.20,1737.90,1748.40,1748.40,19416.00
11/28/2022,1741.30,1741.30,1740.10,1740.10,1740.10,132767.00
11/25/2022,1753.00,1757.90,1749.20,1753.30,1753.30,216.00
11/23/2022,1736.50,1750.90,1736.50,1744.90,1744.90,39.00
11/22/2022,1741.70,1741.70,1738.30,1738.30,1738.30,15.00
11/21/2022,1739.00,1744.90,1736.10,1737.40,1737.40,544.00
11/18/2022,1763.30,1763.30,1747.60,1751.90,1751.90,414.00
11/17/2022,1763.00,1763.00,1756.00,1760.80,1760.80,18.00
11/16/2022,1776.60,1778.90,1773.00,1773.00,1773.00,303.00
11/15/2022,1770.80,1773.80,1769.90,1773.80,1773.80,57.00
11/14/2022,1762.00,1773.60,1761.60,1773.60,1773.60,358.00
11/11/2022,1763.80,1766.00,1757.60,1766.00,1766.00,257.00
11/10/2022,1708.20,1750.30,1708.20,1750.30,1750.30,325.00
11/9/2022,1707.40,1720.20,1706.00,1710.10,1710.10,497.00
11/8/2022,1703.20,1712.10,1703.20,1712.10,1712.10,23.00
11/7/2022,1676.90,1677.90,1672.90,1676.50,1676.50,42.00
11/4/2022,1630.20,1674.50,1629.00,1672.50,1672.50,159.00
11/3/2022,1629.20,1629.20,1615.10,1627.30,1627.30,1427.00
11/2/2022,1650.80,1664.70,1634.00,1645.70,1645.70,612.00
11/1/2022,1630.80,1653.70,1630.80,1645.00,1645.00,985.00
10/31/2022,1641.80,1641.80,1633.40,1635.90,1635.90,522.00
10/28/2022,1661.00,1661.00,1638.70,1639.60,1639.60,626.00
10/27/2022,1660.70,1660.70,1660.70,1660.70,1660.70,2298.00
10/26/2022,1649.80,1667.00,1649.80,1664.00,1664.00,89.00
10/25/2022,1648.20,1652.80,1637.30,1652.80,1652.80,880.00
10/24/2022,1662.70,1662.70,1648.70,1648.70,1648.70,29.00
10/21/2022,1634.10,1653.90,1634.10,1651.00,1651.00,224.00
10/20/2022,1622.80,1641.40,1622.80,1630.80,1630.80,477.00
10/19/2022,1637.50,1637.50,1627.50,1627.50,1627.50,84.00
10/18/2022,1651.40,1655.20,1649.00,1649.00,1649.00,597.00
10/17/2022,1650.20,1657.00,1646.80,1657.00,1657.00,238.00
10/14/2022,1665.30,1667.00,1640.00,1641.70,1641.70,82.00
10/13/2022,1675.20,1675.30,1641.50,1670.00,1670.00,729.00
10/12/2022,1668.00,1672.70,1668.00,1670.30,1670.30,149.00
10/11/2022,1661.80,1678.70,1661.00,1678.70,1678.70,167.00
10/10/2022,1693.40,1693.40,1667.00,1667.30,1667.30,195.00
10/7/2022,1710.10,1710.10,1693.70,1700.50,1700.50,179.00
10/6/2022,1721.00,1723.30,1709.10,1711.70,1711.70,133.00
10/5/2022,1724.10,1726.60,1703.00,1711.40,1711.40,418.00
10/4/2022,1701.20,1728.00,1696.00,1721.10,1721.10,291.00
10/3/2022,1667.20,1700.00,1661.90,1692.90,1692.90,410.00
9/30/2022,1661.70,1672.70,1658.00,1662.40,1662.40,548.00
9/29/2022,1657.00,1662.60,1640.00,1658.50,1658.50,6028.00
9/28/2022,1620.40,1660.40,1620.40,1660.40,1660.40,18311.00
9/27/2022,1632.20,1636.60,1626.70,1626.70,1626.70,888.00
9/26/2022,1623.30,1623.30,1623.30,1623.30,1623.30,1205.00
9/23/2022,1667.00,1667.00,1645.30,1645.30,1645.30,1224.00
9/22/2022,1668.30,1670.80,1668.30,1670.80,1670.80,973.00
9/21/2022,1665.50,1680.10,1664.60,1664.60,1664.60,2337.00
9/20/2022,1659.70,1659.70,1659.70,1659.70,1659.70,2830.00
9/19/2022,1661.80,1669.40,1658.50,1666.20,1666.20,580.00
9/16/2022,1660.40,1674.90,1651.70,1671.70,1671.70,464.00
9/15/2022,1685.50,1686.00,1662.30,1665.40,1665.40,1125.00
9/14/2022,1698.70,1701.80,1696.50,1696.50,1696.50,532.00
9/13/2022,1720.50,1720.50,1697.30,1705.00,1705.00,432.00
9/12/2022,1727.40,1728.10,1727.40,1728.10,1728.10,68.00
9/9/2022,1719.20,1720.00,1712.80,1716.20,1716.20,635.00
9/8/2022,1718.20,1718.20,1705.30,1708.00,1708.00,1193.00
9/7/2022,1694.80,1715.30,1694.70,1715.30,1715.30,651.00
9/6/2022,1709.70,1717.40,1699.70,1700.40,1700.40,697.00
9/2/2022,1703.40,1715.70,1703.10,1709.80,1709.80,182.00
9/1/2022,1707.90,1707.90,1693.90,1696.60,1696.60,683.00
8/31/2022,1718.30,1720.90,1708.50,1712.80,1712.80,2133.00
8/30/2022,1736.40,1739.00,1720.70,1723.20,1723.20,385.00
8/29/2022,1732.40,1741.20,1732.10,1736.60,1736.60,950.00
8/26/2022,1754.00,1755.00,1736.10,1736.10,1736.10,202.00
8/25/2022,1761.60,1761.80,1755.00,1757.70,1757.70,172.00
8/24/2022,1745.00,1751.80,1743.60,1747.80,1747.80,187.00
8/23/2022,1738.00,1748.90,1731.90,1746.80,1746.80,509.00
8/22/2022,1740.50,1740.50,1726.50,1734.00,1734.00,347.00
8/19/2022,1753.70,1754.30,1747.50,1747.60,1747.60,49.00
8/18/2022,1762.90,1762.90,1753.40,1755.30,1755.30,321.00
8/17/2022,1769.70,1769.70,1760.00,1760.30,1760.30,23.00
8/16/2022,1777.40,1777.40,1771.40,1773.20,1773.20,308.00
8/15/2022,1799.00,1799.00,1774.70,1781.40,1781.40,64.00
8/12/2022,1786.30,1800.40,1784.30,1798.60,1798.60,187.00
8/11/2022,1794.30,1794.30,1785.70,1789.70,1789.70,1235.00
8/10/2022,1804.40,1804.90,1787.80,1795.60,1795.60,601.00
8/9/2022,1790.00,1796.10,1789.00,1794.00,1794.00,249.00
8/8/2022,1771.80,1786.80,1771.80,1786.80,1786.80,127.00
8/5/2022,1791.20,1791.40,1764.20,1772.90,1772.90,645.00
8/4/2022,1769.40,1792.10,1767.70,1788.50,1788.50,285.00
8/3/2022,1756.70,1770.50,1753.00,1758.00,1758.00,399.00
8/2/2022,1772.10,1786.60,1759.40,1771.10,1771.10,1078.00
8/1/2022,1763.90,1772.50,1756.10,1769.00,1769.00,705.00
7/29/2022,1754.00,1765.70,1750.00,1762.90,1762.90,3485.00
7/28/2022,1732.30,1755.00,1732.00,1750.30,1750.30,37236.00
7/27/2022,1719.10,1719.10,1719.10,1719.10,1719.10,144865.00
7/26/2022,1718.00,1718.00,1717.70,1717.70,1717.70,1.00
7/25/2022,1727.00,1732.00,1719.00,1719.00,1719.00,67.00
7/22/2022,1713.30,1735.00,1713.00,1727.10,1727.10,61.00
7/21/2022,1687.00,1715.50,1679.80,1712.70,1712.70,183.00
7/20/2022,1707.10,1708.50,1699.50,1699.50,1699.50,130.00
7/19/2022,1712.30,1714.40,1706.10,1710.00,1710.00,1684.00
7/18/2022,1712.20,1712.40,1709.20,1709.20,1709.20,264.00
7/15/2022,1705.40,1709.70,1701.10,1702.40,1702.40,721.00
7/14/2022,1710.30,1710.50,1704.50,1704.50,1704.50,1289.00
7/13/2022,1710.00,1734.20,1710.00,1734.20,1734.20,368.00
7/12/2022,1734.20,1735.50,1723.30,1723.30,1723.30,451.00
7/11/2022,1732.50,1736.70,1730.00,1730.00,1730.00,75.00
7/8/2022,1738.10,1749.30,1732.10,1740.60,1740.60,370.00
7/7/2022,1745.20,1745.20,1737.00,1737.90,1737.90,1869.00
7/6/2022,1762.50,1768.00,1734.00,1734.90,1734.90,1729.00
7/5/2022,1805.40,1805.40,1761.80,1761.80,1761.80,64.00
7/1/2022,1795.50,1806.10,1791.60,1798.90,1798.90,77.00
6/30/2022,1809.60,1817.30,1801.00,1804.10,1804.10,328.00
6/29/2022,1818.30,1830.30,1812.80,1813.70,1813.70,173.00
6/28/2022,1824.20,1826.00,1817.50,1817.50,1817.50,391.00
6/27/2022,1830.50,1830.70,1819.90,1820.90,1820.90,77.00
6/24/2022,1820.50,1826.50,1815.80,1826.50,1826.50,61.00
6/23/2022,1835.50,1841.20,1825.70,1825.70,1825.70,9.00
6/22/2022,1829.50,1842.70,1821.60,1834.30,1834.30,115.00
6/21/2022,1835.30,1838.60,1830.10,1834.60,1834.60,216.00
6/17/2022,1853.70,1853.70,1833.60,1835.60,1835.60,170.00
6/16/2022,1819.20,1850.60,1814.90,1845.70,1845.70,136.00
6/15/2022,1814.10,1839.00,1810.80,1815.30,1815.30,108.00
6/14/2022,1825.00,1825.50,1805.30,1809.50,1809.50,536.00
6/13/2022,1873.80,1873.80,1818.70,1828.00,1828.00,127.00
6/10/2022,1842.70,1875.60,1823.90,1871.50,1871.50,1490.00
6/9/2022,1846.10,1850.10,1837.90,1848.80,1848.80,159.00
6/8/2022,1844.80,1855.00,1844.40,1851.90,1851.90,218.00
6/7/2022,1836.90,1851.60,1835.00,1847.50,1847.50,1168.00
6/6/2022,1849.00,1854.10,1839.20,1839.20,1839.20,142.00
6/3/2022,1867.60,1871.80,1845.40,1845.40,1845.40,53.00
6/2/2022,1845.40,1868.70,1842.10,1866.50,1866.50,551.00
6/1/2022,1831.00,1847.90,1825.30,1843.30,1843.30,1623.00
5/31/2022,1850.30,1862.10,1832.80,1842.70,1842.70,4073.00
5/27/2022,1848.30,1860.70,1845.90,1851.30,1851.30,30091.00
5/26/2022,1840.40,1847.40,1840.40,1847.40,1847.40,123355.00
5/24/2022,1852.50,1867.00,1852.50,1865.10,1865.10,33.00
5/23/2022,1846.30,1863.00,1845.80,1847.80,1847.80,216.00
5/20/2022,1839.10,1841.80,1836.30,1841.80,1841.80,110.00
5/19/2022,1810.90,1841.20,1810.70,1841.20,1841.20,138.00
5/18/2022,1815.00,1819.70,1805.00,1815.90,1815.90,311.00
5/17/2022,1824.90,1828.60,1816.70,1818.20,1818.20,121.00
5/16/2022,1790.50,1813.50,1787.00,1813.50,1813.50,34.00
5/13/2022,1825.00,1825.00,1807.40,1807.40,1807.40,335.00
5/12/2022,1849.80,1851.90,1822.20,1823.80,1823.80,153.00
5/11/2022,1841.50,1852.60,1841.00,1852.60,1852.60,892.00
5/10/2022,1839.90,1839.90,1839.90,1839.90,1839.90,1540.00
5/9/2022,1866.60,1867.50,1854.00,1857.10,1857.10,304.00
5/6/2022,1874.70,1890.30,1871.50,1881.20,1881.20,214.00
5/5/2022,1897.00,1904.30,1874.00,1874.00,1874.00,80.00
5/4/2022,1867.00,1867.00,1867.00,1867.00,1867.00,1.00
5/3/2022,1868.80,1868.80,1868.80,1868.80,1868.80,466.00
5/2/2022,1896.70,1896.80,1853.00,1861.80,1861.80,385.00
4/29/2022,1902.70,1918.20,1902.40,1909.30,1909.30,132.00
4/28/2022,1883.80,1893.00,1872.90,1888.70,1888.70,513.00
4/27/2022,1897.80,1900.60,1882.20,1885.90,1885.90,1786.00
4/26/2022,1900.50,1909.10,1894.00,1901.40,1901.40,302.00
4/25/2022,1925.00,1925.00,1889.30,1893.20,1893.20,748.00
4/22/2022,1949.60,1950.40,1930.20,1931.00,1931.00,178.00
4/21/2022,1942.50,1944.90,1942.50,1944.90,1944.90,4.00
4/20/2022,1945.50,1953.60,1945.50,1952.30,1952.30,621.00
4/19/2022,1973.80,1978.30,1945.70,1955.70,1955.70,130.00
4/18/2022,1973.40,1997.10,1972.80,1982.90,1982.90,196.00
4/14/2022,1977.20,1978.70,1963.00,1970.90,1970.90,101.00
4/13/2022,1969.50,1981.00,1969.50,1981.00,1981.00,204.00
4/12/2022,1952.50,1977.10,1950.60,1972.10,1972.10,246.00
4/11/2022,1946.60,1968.40,1941.80,1944.30,1944.30,163.00
4/8/2022,1928.80,1947.70,1928.80,1941.60,1941.60,153.00
4/7/2022,1919.50,1934.80,1919.50,1933.80,1933.80,311.00
4/6/2022,1916.70,1931.80,1916.70,1918.40,1918.40,138.00
4/5/2022,1927.10,1943.50,1918.40,1922.90,1922.90,412.00
4/4/2022,1921.20,1936.10,1915.60,1929.20,1929.20,371.00
4/1/2022,1935.00,1938.00,1917.00,1919.10,1919.10,1016.00
3/31/2022,1933.50,1949.90,1919.10,1949.20,1949.20,3617.00
3/30/2022,1918.40,1937.00,1914.50,1933.50,1933.50,17765.00
3/29/2022,1893.50,1912.00,1893.50,1912.00,1912.00,128051.00
3/28/2022,1932.60,1939.60,1932.60,1939.60,1939.60,7.00
3/25/2022,1953.80,1953.80,1953.80,1953.80,1953.80,83.00
3/24/2022,1963.60,1964.00,1961.60,1961.60,1961.60,8.00
3/23/2022,1936.60,1936.60,1936.60,1936.60,1936.60,204.00
3/22/2022,1920.70,1920.70,1920.70,1920.70,1920.70,26.00
3/21/2022,1925.40,1928.60,1925.00,1928.60,1928.60,5.00
3/18/2022,1934.50,1939.30,1928.20,1928.20,1928.20,28.00
3/17/2022,1933.90,1947.20,1933.90,1942.10,1942.10,39.00
3/16/2022,1922.40,1922.40,1907.20,1908.00,1908.00,104.00
3/15/2022,1939.80,1939.90,1910.70,1928.50,1928.50,71.00
3/14/2022,1976.50,1977.70,1959.60,1959.60,1959.60,145.00
3/11/2022,1985.00,1996.00,1959.90,1982.70,1982.70,865.00
3/10/2022,1978.10,2010.50,1978.10,1998.10,1998.10,670.00
3/9/2022,2053.60,2063.00,1980.80,1985.90,1985.90,1022.00
3/8/2022,1999.40,2072.00,1998.00,2040.10,2040.10,1813.00
3/7/2022,1989.00,2001.10,1963.00,1993.90,1993.90,2516.00
3/4/2022,1937.00,1970.90,1935.60,1965.10,1965.10,47.00
3/3/2022,1930.50,1940.30,1924.80,1934.40,1934.40,122.00
3/2/2022,1945.60,1948.20,1919.80,1920.90,1920.90,109.00
3/1/2022,1908.30,1942.40,1903.80,1942.40,1942.40,547.00
2/28/2022,1928.30,1928.40,1894.20,1899.40,1899.40,390.00
2/25/2022,1906.90,1920.00,1883.60,1886.50,1886.50,586.00
2/24/2022,1911.90,1972.50,1911.70,1925.10,1925.10,2706.00
2/23/2022,1896.60,1910.60,1895.70,1909.20,1909.20,73.00
2/22/2022,1908.10,1912.00,1890.80,1906.10,1906.10,173.00
2/18/2022,1899.40,1899.40,1890.70,1898.60,1898.60,51.00
2/17/2022,1876.30,1900.70,1876.20,1900.70,1900.70,393.00
2/16/2022,1858.70,1870.20,1856.30,1870.20,1870.20,34.00
2/15/2022,1872.60,1879.70,1847.40,1854.80,1854.80,86.00
2/14/2022,1861.80,1870.60,1854.60,1868.00,1868.00,79.00
2/11/2022,1822.00,1864.80,1822.00,1840.80,1840.80,181.00
2/10/2022,1833.30,1842.10,1820.80,1836.20,1836.20,365.00
2/9/2022,1825.40,1835.20,1825.30,1835.20,1835.20,683.00
2/8/2022,1818.90,1827.60,1815.00,1826.60,1826.60,108.00
2/7/2022,1812.20,1821.30,1809.10,1820.60,1820.60,601.00
2/4/2022,1806.00,1813.70,1792.50,1806.60,1806.60,571.00
2/3/2022,1805.80,1808.10,1787.90,1803.00,1803.00,466.00
2/2/2022,1797.80,1810.10,1795.10,1809.20,1809.20,1690.00
2/1/2022,1797.20,1806.10,1797.10,1800.30,1800.30,223.00
1/31/2022,1788.50,1798.50,1785.10,1795.00,1795.00,1735.00
1/28/2022,1797.50,1798.40,1778.80,1784.90,1784.90,28521.00
1/27/2022,1793.30,1793.30,1793.30,1793.30,1793.30,196036.00
1/26/2022,1829.90,1829.90,1829.90,1829.90,1829.90,55.00
1/25/2022,1843.00,1852.70,1842.00,1852.70,1852.70,11.00
1/24/2022,1837.90,1842.10,1837.90,1841.70,1841.70,8.00
1/21/2022,1838.00,1842.40,1828.90,1831.80,1831.80,19.00
1/20/2022,1840.60,1843.00,1838.20,1842.50,1842.50,20.00
1/19/2022,1817.40,1843.10,1817.40,1843.10,1843.10,4.00
1/18/2022,1816.80,1820.10,1812.30,1812.30,1812.30,900.00
1/14/2022,1821.50,1822.00,1816.50,1816.50,1816.50,816.00
1/13/2022,1819.80,1823.00,1815.40,1821.20,1821.20,40.00
1/12/2022,1819.00,1827.20,1816.90,1827.20,1827.20,1547.00
1/11/2022,1803.90,1822.50,1803.00,1818.60,1818.60,743.00
1/10/2022,1794.90,1798.70,1790.40,1798.40,1798.40,534.00
1/7/2022,1791.80,1797.00,1784.40,1797.00,1797.00,17.00
1/6/2022,1787.10,1791.30,1787.10,1788.70,1788.70,30.00
1/5/2022,1813.10,1824.60,1813.10,1824.60,1824.60,8.00
1/4/2022,1800.50,1815.30,1800.00,1814.00,1814.00,38.00
1/3/2022,1830.10,1830.10,1798.80,1799.40,1799.40,116.00
12/31/2021,1825.10,1827.80,1821.40,1827.50,1827.50,80.00
12/30/2021,1801.70,1816.00,1796.00,1812.70,1812.70,306.00
12/29/2021,1803.20,1805.10,1791.40,1805.10,1805.10,623.00
12/28/2021,1812.00,1818.00,1805.50,1810.20,1810.20,146.00
12/27/2021,1810.00,1812.10,1807.00,1808.10,1808.10,150.00
12/23/2021,1806.00,1811.20,1800.80,1811.20,1811.20,193.00
12/22/2021,1786.00,1805.20,1785.50,1801.60,1801.60,567.00
12/21/2021,1791.40,1796.50,1787.90,1787.90,1787.90,575.00
12/20/2021,1796.80,1799.80,1792.00,1793.70,1793.70,226.00
12/17/2021,1804.00,1812.90,1803.80,1803.80,1803.80,654.00
12/16/2021,1781.00,1798.10,1781.00,1796.60,1796.60,21.00
12/15/2021,1767.40,1778.70,1753.90,1762.60,1762.60,283.00
12/14/2021,1787.00,1787.00,1769.00,1770.40,1770.40,322.00
12/13/2021,1784.40,1787.10,1783.80,1786.30,1786.30,206.00
12/10/2021,1773.80,1785.40,1769.10,1782.90,1782.90,545.00
12/9/2021,1783.50,1783.50,1771.80,1774.60,1774.60,455.00
12/8/2021,1789.90,1789.90,1779.00,1783.40,1783.40,1383.00
12/7/2021,1779.50,1786.10,1772.30,1782.60,1782.60,308.00
12/6/2021,1780.20,1783.00,1777.20,1777.50,1777.50,381.00
12/3/2021,1767.50,1785.10,1766.50,1782.00,1782.00,694.00
12/2/2021,1780.90,1780.90,1760.60,1760.70,1760.70,1557.00
12/1/2021,1774.80,1790.50,1772.30,1781.60,1781.60,1128.00
11/30/2021,1783.90,1808.10,1768.70,1773.60,1773.60,4903.00
11/29/2021,1791.70,1798.90,1779.10,1782.30,1782.30,26926.00
11/26/2021,1791.10,1791.40,1785.30,1785.30,1785.30,186800.00
11/25/2021,1791.10,1791.40,1791.10,1791.40,1791.40,188.00
11/24/2021,1793.00,1793.00,1781.40,1784.10,1784.10,188.00
11/23/2021,1795.50,1795.50,1783.50,1783.50,1783.50,264.00
11/22/2021,1841.60,1841.60,1805.70,1806.00,1806.00,14.00
11/19/2021,1851.20,1851.20,1851.20,1851.20,1851.20,21.00
11/18/2021,1861.00,1861.00,1861.00,1861.00,1861.00,9.00
11/17/2021,1862.60,1869.70,1862.60,1869.70,1869.70,2.00
11/16/2021,1853.60,1853.60,1853.60,1853.60,1853.60,1.00
11/15/2021,1864.50,1866.90,1864.50,1866.10,1866.10,87.00
11/12/2021,1860.80,1867.90,1847.60,1867.90,1867.90,210.00
11/11/2021,1853.90,1866.50,1853.90,1863.20,1863.20,292.00
11/10/2021,1825.80,1865.00,1824.90,1847.60,1847.60,795.00
11/9/2021,1826.10,1832.70,1820.70,1830.20,1830.20,170.00
11/8/2021,1817.00,1827.40,1816.90,1827.40,1827.40,261.00
11/5/2021,1794.90,1817.10,1794.90,1816.40,1816.40,239.00
11/4/2021,1776.60,1798.20,1776.20,1793.00,1793.00,103.00
11/3/2021,1768.00,1768.00,1761.80,1763.60,1763.60,108.00
11/2/2021,1790.50,1795.50,1787.70,1788.70,1788.70,213.00
11/1/2021,1787.50,1795.10,1786.70,1795.10,1795.10,142.00
10/29/2021,1793.10,1797.00,1774.60,1783.00,1783.00,583.00
10/28/2021,1795.50,1807.30,1795.50,1801.60,1801.60,452.00
10/27/2021,1791.50,1798.10,1791.50,1797.90,1797.90,543.00
10/26/2021,1808.80,1808.80,1788.60,1792.70,1792.70,359.00
10/25/2021,1794.30,1809.00,1794.00,1806.00,1806.00,140.00
10/22/2021,1787.10,1806.90,1784.00,1795.50,1795.50,532.00
10/21/2021,1782.00,1785.70,1781.00,1781.20,1781.20,146.00
10/20/2021,1774.60,1785.60,1774.00,1784.10,1784.10,127.00
10/19/2021,1777.60,1785.00,1767.50,1769.70,1769.70,51.00
10/18/2021,1761.60,1770.10,1759.50,1764.80,1764.80,266.00
10/15/2021,1794.50,1795.40,1766.60,1767.20,1767.20,874.00
10/14/2021,1792.20,1799.90,1792.00,1796.70,1796.70,337.00
10/13/2021,1760.80,1794.50,1760.80,1793.70,1793.70,150.00
10/12/2021,1751.90,1768.00,1749.80,1758.30,1758.30,139.00
10/11/2021,1756.60,1757.80,1752.20,1754.60,1754.60,128.00
10/8/2021,1757.00,1780.00,1754.20,1756.30,1756.30,254.00
10/7/2021,1762.40,1762.40,1752.80,1757.90,1757.90,336.00
10/6/2021,1759.30,1762.90,1744.70,1760.50,1760.50,56.00
10/5/2021,1764.30,1764.30,1749.00,1759.60,1759.60,98.00
10/4/2021,1764.50,1768.90,1749.50,1766.20,1766.20,417.00
10/1/2021,1754.30,1762.60,1748.50,1757.00,1757.00,2220.00
9/30/2021,1725.50,1760.30,1724.50,1755.30,1755.30,997.00
9/29/2021,1732.40,1744.10,1721.40,1721.50,1721.50,6634.00
9/28/2021,1739.60,1741.70,1726.80,1735.80,1735.80,15748.00
9/27/2021,1751.70,1754.40,1747.50,1750.00,1750.00,808.00
9/24/2021,1749.70,1749.70,1745.00,1749.70,1749.70,76.00
9/23/2021,1766.80,1766.80,1738.20,1747.70,1747.70,31.00
9/22/2021,1776.70,1784.30,1767.00,1776.70,1776.70,17.00
9/21/2021,1762.20,1776.00,1759.00,1776.00,1776.00,106.00
9/20/2021,1751.80,1761.80,1750.90,1761.80,1761.80,185.00
9/17/2021,1758.80,1763.00,1749.40,1749.40,1749.40,581.00
9/16/2021,1792.90,1792.90,1743.90,1754.60,1754.60,1645.00
9/15/2021,1803.70,1803.70,1792.40,1792.40,1792.40,59.00
9/14/2021,1791.40,1806.20,1783.00,1804.70,1804.70,764.00
9/13/2021,1789.80,1796.00,1784.00,1792.00,1792.00,533.00
9/9/2021,1798.70,1798.70,1787.90,1797.40,1797.40,49.00
9/8/2021,1781.70,1790.70,1781.70,1790.70,1790.70,69.00
9/7/2021,1825.70,1825.70,1792.70,1795.90,1795.90,48.00
9/3/2021,1820.90,1833.90,1818.90,1830.90,1830.90,53.00
9/2/2021,1813.20,1813.90,1806.80,1808.70,1808.70,26.00
9/1/2021,1813.50,1815.90,1809.50,1813.10,1813.10,114.00
8/31/2021,1815.90,1815.90,1801.10,1815.00,1815.00,82.00
8/30/2021,1818.20,1820.30,1807.80,1809.00,1809.00,684.00
8/27/2021,1803.40,1816.60,1803.10,1816.60,1816.60,1219.00
8/26/2021,1787.40,1792.20,1781.00,1792.20,1792.20,61.00
8/25/2021,1792.00,1792.90,1784.00,1788.20,1788.20,812.00
8/24/2021,1801.00,1805.60,1801.00,1805.60,1805.60,22.00
8/23/2021,1776.80,1804.80,1776.80,1803.20,1803.20,32.00
8/20/2021,1784.10,1787.50,1778.20,1781.00,1781.00,235.00
8/19/2021,1780.00,1789.30,1775.50,1780.20,1780.20,245.00
8/18/2021,1787.80,1791.50,1779.00,1781.60,1781.60,263.00
8/17/2021,1787.70,1794.20,1780.00,1785.00,1785.00,200.00
8/16/2021,1776.90,1787.80,1771.90,1786.90,1786.90,219.00
8/13/2021,1758.30,1777.30,1757.40,1775.20,1775.20,436.00
8/12/2021,1749.70,1752.40,1745.50,1749.00,1749.00,739.00
8/11/2021,1727.30,1752.20,1727.30,1750.40,1750.40,542.00
8/10/2021,1728.60,1735.20,1720.10,1728.80,1728.80,1363.00
8/9/2021,1753.50,1753.80,1692.60,1723.40,1723.40,1621.00
8/6/2021,1799.80,1800.10,1758.40,1760.00,1760.00,859.00
8/5/2021,1810.80,1813.70,1796.00,1805.10,1805.10,588.00
8/4/2021,1809.30,1831.30,1806.30,1810.50,1810.50,2860.00
8/3/2021,1812.30,1813.50,1806.00,1810.10,1810.10,3341.00
8/2/2021,1812.40,1818.70,1804.80,1818.10,1818.10,1334.00
7/30/2021,1828.00,1830.50,1808.90,1812.60,1812.60,3100.00
7/29/2021,1806.60,1832.60,1806.10,1831.20,1831.20,30496.00
7/28/2021,1799.50,1799.50,1799.50,1799.50,1799.50,209783.00
7/27/2021,1803.70,1803.70,1799.50,1799.50,1799.50,1.00
7/26/2021,1802.50,1802.50,1797.20,1798.70,1798.70,17.00
7/23/2021,1800.00,1801.40,1800.00,1801.40,1801.40,1.00
7/22/2021,1793.60,1805.00,1793.60,1805.00,1805.00,2.00
7/21/2021,1807.00,1807.00,1800.00,1802.90,1802.90,135.00
7/20/2021,1812.90,1824.00,1810.90,1810.90,1810.90,128.00
7/19/2021,1803.30,1813.40,1803.30,1808.70,1808.70,33.00
7/16/2021,1830.10,1831.40,1814.50,1814.50,1814.50,78.00
7/15/2021,1831.60,1833.00,1823.40,1828.40,1828.40,99.00
7/14/2021,1813.10,1829.00,1813.10,1824.30,1824.30,707.00
7/13/2021,1808.10,1812.00,1800.60,1809.40,1809.40,78.00
7/12/2021,1802.60,1805.50,1799.50,1805.50,1805.50,147.00
7/9/2021,1803.60,1810.10,1798.80,1810.00,1810.00,218.00
7/8/2021,1797.00,1818.50,1797.00,1799.60,1799.60,148.00
7/7/2021,1798.70,1808.40,1797.20,1801.50,1801.50,244.00
7/6/2021,1786.70,1809.80,1786.70,1793.50,1793.50,332.00
7/2/2021,1778.70,1787.90,1778.30,1782.60,1782.60,23.00
7/1/2021,1775.70,1781.20,1768.80,1775.90,1775.90,44.00
6/30/2021,1761.10,1770.80,1759.20,1770.80,1770.80,51.00
6/29/2021,1776.80,1777.10,1752.10,1762.80,1762.80,419.00
6/28/2021,1779.60,1779.60,1779.60,1779.60,1779.60,888.00
6/25/2021,1777.70,1788.00,1775.20,1776.60,1776.60,35.00
6/24/2021,1778.90,1786.40,1775.60,1775.60,1775.60,78.00
6/23/2021,1780.70,1793.20,1780.60,1782.30,1782.30,136.00
6/22/2021,1783.40,1786.90,1775.90,1776.30,1776.30,101.00
6/21/2021,1768.80,1785.20,1766.80,1781.80,1781.80,38.00
6/18/2021,1775.70,1792.40,1767.90,1767.90,1767.90,354.00
6/17/2021,1811.80,1823.30,1769.60,1773.80,1773.80,1135.00
6/16/2021,1859.40,1860.10,1809.20,1859.50,1859.50,117.00
6/15/2021,1866.40,1867.20,1854.40,1854.50,1854.50,78.00
6/14/2021,1866.20,1866.60,1846.50,1864.00,1864.00,41.00
6/11/2021,1900.90,1902.30,1875.20,1877.40,1877.40,349.00
6/10/2021,1887.70,1899.80,1871.50,1894.20,1894.20,186.00
6/9/2021,1894.90,1897.70,1889.20,1893.20,1893.20,148.00
6/8/2021,1896.50,1902.90,1890.00,1892.20,1892.20,930.00
6/7/2021,1890.50,1899.70,1883.20,1896.80,1896.80,87.00
6/4/2021,1869.30,1895.50,1854.00,1889.80,1889.80,367.00
6/3/2021,1908.80,1908.80,1865.00,1871.20,1871.20,1021.00
6/2/2021,1899.20,1908.80,1896.00,1907.50,1907.50,1267.00
6/1/2021,1905.10,1916.20,1892.80,1902.90,1902.90,640.00
5/28/2021,1897.50,1905.40,1881.90,1902.50,1902.50,2415.00
5/27/2021,1896.80,1903.90,1888.20,1895.70,1895.70,35794.00
5/26/2021,1901.30,1901.30,1901.30,1901.30,1901.30,170526.00
5/25/2021,1882.50,1898.10,1882.50,1898.10,1898.10,56.00
5/24/2021,1882.10,1884.60,1882.10,1884.60,1884.60,39.00
5/21/2021,1872.10,1876.70,1872.10,1876.70,1876.70,5.00
5/20/2021,1865.50,1885.00,1864.80,1881.80,1881.80,85.00
5/19/2021,1866.40,1884.90,1863.60,1881.30,1881.30,348.00
5/18/2021,1870.50,1870.50,1867.80,1867.80,1867.80,3.00
5/17/2021,1849.90,1867.50,1847.20,1867.50,1867.50,13.00
5/14/2021,1824.50,1842.90,1824.50,1837.90,1837.90,41.00
5/13/2021,1814.70,1826.80,1814.10,1823.80,1823.80,100.00
5/12/2021,1825.20,1825.20,1821.70,1822.60,1822.60,3.00
5/11/2021,1837.20,1838.10,1831.60,1835.90,1835.90,420.00
5/10/2021,1835.60,1845.60,1835.40,1837.50,1837.50,13.00
5/7/2021,1842.90,1842.90,1831.10,1831.10,1831.10,2.00
5/6/2021,1788.90,1815.50,1787.60,1815.50,1815.50,13.00
5/5/2021,1781.50,1784.10,1779.20,1784.10,1784.10,57.00
5/4/2021,1788.20,1788.50,1774.80,1775.80,1775.80,182.00
5/3/2021,1788.50,1793.00,1788.50,1791.40,1791.40,18.00
4/30/2021,1771.80,1771.80,1763.90,1767.30,1767.30,18.00
4/29/2021,1781.00,1789.00,1758.60,1768.10,1768.10,196.00
4/28/2021,1768.20,1774.00,1764.60,1773.20,1773.20,756.00
4/27/2021,1780.00,1782.00,1777.70,1778.00,1778.00,117.00
4/26/2021,1778.00,1779.70,1770.80,1779.20,1779.20,549.00
4/23/2021,1786.10,1794.50,1772.00,1777.00,1777.00,332.00
4/22/2021,1794.20,1794.20,1779.50,1781.20,1781.20,159.00
4/21/2021,1783.00,1794.10,1777.70,1792.30,1792.30,250.00
4/20/2021,1769.30,1777.30,1765.50,1777.30,1777.30,1464.00
4/19/2021,1782.10,1788.50,1769.40,1769.40,1769.40,144.00
4/16/2021,1770.40,1779.50,1770.10,1779.00,1779.00,625.00
4/15/2021,1740.10,1767.90,1740.10,1765.40,1765.40,368.00
4/14/2021,1741.30,1745.90,1732.70,1734.90,1734.90,1037.00
4/13/2021,1733.80,1746.90,1722.10,1746.20,1746.20,367.00
4/12/2021,1740.80,1740.80,1726.70,1731.20,1731.20,40.00
4/9/2021,1750.80,1750.80,1733.30,1743.30,1743.30,484.00
4/8/2021,1736.00,1758.00,1734.60,1756.80,1756.80,1298.00
4/7/2021,1742.70,1742.70,1733.70,1740.10,1740.10,557.00
4/6/2021,1726.90,1744.80,1726.90,1741.50,1741.50,890.00
4/5/2021,1727.90,1729.70,1721.90,1727.00,1727.00,275.00
4/1/2021,1706.80,1728.80,1706.40,1726.50,1726.50,720.00
3/31/2021,1683.70,1713.80,1676.50,1713.80,1713.80,762.00
3/30/2021,1711.00,1712.60,1676.50,1683.90,1683.90,25316.00
3/29/2021,1712.10,1712.10,1712.10,1712.10,1712.10,135457.00
3/26/2021,1721.30,1732.20,1721.30,1732.20,1732.20,33.00
3/25/2021,1732.70,1733.20,1724.50,1724.90,1724.90,15.00
3/24/2021,1727.50,1732.90,1727.50,1732.90,1732.90,26.00
3/23/2021,1724.70,1724.70,1724.70,1724.70,1724.70,6.00
3/22/2021,1737.80,1737.80,1737.80,1737.80,1737.80,51.00
3/19/2021,1742.20,1742.20,1733.60,1741.40,1741.40,13.00
3/18/2021,1745.80,1750.30,1721.80,1732.20,1732.20,138.00
3/17/2021,1735.30,1750.10,1725.60,1726.80,1726.80,488.00
3/16/2021,1732.30,1733.90,1726.00,1730.60,1730.60,729.00
3/15/2021,1729.50,1731.90,1722.80,1728.90,1728.90,147.00
3/12/2021,1715.90,1722.50,1699.00,1719.50,1719.50,80.00
3/11/2021,1725.60,1737.50,1720.20,1722.30,1722.30,18.00
3/10/2021,1713.60,1722.90,1711.00,1721.50,1721.50,412.00
3/9/2021,1686.20,1717.50,1685.20,1716.60,1716.60,335.00
3/8/2021,1704.70,1705.40,1673.70,1677.70,1677.70,1290.00
3/5/2021,1690.60,1701.00,1685.00,1698.00,1698.00,302.00
3/4/2021,1706.50,1717.40,1700.20,1700.20,1700.20,521.00
3/3/2021,1730.00,1732.40,1703.50,1715.30,1715.30,501.00
3/2/2021,1709.40,1733.10,1708.70,1733.10,1733.10,867.00
3/1/2021,1737.10,1747.00,1720.30,1722.50,1722.50,407.00
2/26/2021,1768.10,1768.20,1718.80,1728.10,1728.10,1593.00
2/25/2021,1801.50,1802.00,1766.70,1774.40,1774.40,1049.00
2/24/2021,1805.80,1805.80,1796.40,1796.40,1796.40,1500.00
2/23/2021,1809.60,1811.30,1796.40,1804.40,1804.40,569.00
2/22/2021,1784.00,1807.80,1784.00,1806.70,1806.70,165.00
2/19/2021,1764.30,1787.60,1764.30,1775.80,1775.80,118.00
2/18/2021,1776.10,1784.60,1766.00,1773.40,1773.40,587.00
2/17/2021,1785.80,1789.70,1768.80,1771.10,1771.10,614.00
2/16/2021,1820.90,1823.40,1787.30,1797.20,1797.20,1141.00
2/12/2021,1825.00,1827.50,1809.20,1821.60,1821.60,259.00
2/11/2021,1840.50,1845.00,1820.90,1824.90,1824.90,602.00
2/10/2021,1842.60,1851.10,1837.00,1840.60,1840.60,543.00
2/9/2021,1841.90,1843.30,1830.70,1835.30,1835.30,184.00
2/8/2021,1816.30,1836.70,1809.00,1831.90,1831.90,254.00
2/5/2021,1794.30,1813.50,1790.90,1810.90,1810.90,1278.00
2/4/2021,1832.20,1832.20,1782.80,1788.90,1788.90,2375.00
2/3/2021,1834.80,1842.40,1829.80,1832.20,1832.20,1195.00
2/2/2021,1859.60,1861.30,1827.60,1830.50,1830.50,1293.00
2/1/2021,1866.60,1871.90,1850.00,1860.80,1860.80,1494.00
1/29/2021,1842.00,1876.00,1838.70,1847.30,1847.30,1634.00
1/28/2021,1843.40,1862.90,1831.50,1837.90,1837.90,27283.00
1/27/2021,1844.90,1844.90,1844.90,1844.90,1844.90,195540.00
1/26/2021,1855.80,1855.80,1850.70,1850.70,1850.70,59.00
1/25/2021,1864.70,1864.70,1851.80,1854.90,1854.90,26.00
1/22/2021,1854.90,1855.70,1852.70,1855.70,1855.70,8.00
1/21/2021,1865.30,1868.00,1865.30,1865.30,1865.30,6.00
1/20/2021,1847.80,1866.60,1844.40,1865.90,1865.90,16.00
1/19/2021,1802.00,1842.90,1802.00,1839.50,1839.50,13.00
1/15/2021,1829.40,1829.40,1825.00,1829.30,1829.30,31.00
1/14/2021,1836.70,1850.70,1836.70,1850.30,1850.30,149.00
1/13/2021,1858.00,1858.60,1853.60,1853.60,1853.60,189.00
1/12/2021,1849.00,1859.70,1839.40,1842.90,1842.90,176.00
1/11/2021,1826.50,1849.60,1826.50,1849.60,1849.60,20.00
1/8/2021,1908.00,1908.00,1834.10,1834.10,1834.10,60.00
1/7/2021,1922.60,1926.70,1912.00,1912.30,1912.30,122.00
1/6/2021,1952.00,1959.90,1901.50,1906.90,1906.90,331.00
1/5/2021,1941.70,1952.70,1941.30,1952.70,1952.70,113.00
1/4/2021,1912.20,1945.10,1912.20,1944.70,1944.70,154.00
12/31/2020,1897.00,1901.30,1892.70,1893.10,1893.10,127.00
12/30/2020,1879.90,1895.80,1877.30,1891.00,1891.00,444.00
12/29/2020,1881.30,1881.30,1879.70,1879.70,1879.70,343.00
12/28/2020,1895.50,1895.80,1873.70,1877.20,1877.20,75.00
12/24/2020,1877.30,1879.90,1875.70,1879.90,1879.90,46.00
12/23/2020,1867.00,1878.80,1864.50,1874.70,1874.70,82.00
12/22/2020,1882.20,1882.20,1861.00,1866.60,1866.60,233.00
12/21/2020,1884.80,1908.00,1869.10,1879.20,1879.20,136.00
12/18/2020,1882.40,1889.50,1882.30,1885.70,1885.70,276.00
12/17/2020,1874.20,1896.20,1874.20,1887.20,1887.20,414.00
12/16/2020,1856.50,1864.70,1850.50,1856.10,1856.10,1090.00
12/15/2020,1833.50,1853.60,1833.20,1852.30,1852.30,961.00
12/14/2020,1835.50,1835.70,1822.70,1828.70,1828.70,258.00
12/11/2020,1838.50,1846.00,1829.10,1839.80,1839.80,109.00
12/10/2020,1833.20,1849.10,1828.00,1833.60,1833.60,177.00
12/9/2020,1867.10,1867.10,1827.00,1834.60,1834.60,215.00
12/8/2020,1863.00,1875.80,1861.80,1870.80,1870.80,121.00
12/7/2020,1836.50,1866.90,1820.80,1861.80,1861.80,1427.00
12/4/2020,1840.70,1847.60,1828.20,1835.90,1835.90,1213.00
12/3/2020,1829.20,1842.00,1825.30,1836.80,1836.80,1765.00
12/2/2020,1811.30,1830.00,1807.80,1825.70,1825.70,771.00
12/1/2020,1775.00,1815.90,1774.90,1814.10,1814.10,1859.00
11/30/2020,1785.00,1787.20,1762.30,1775.70,1775.70,3145.00
11/27/2020,1806.10,1817.00,1770.70,1781.90,1781.90,71804.00
11/25/2020,1801.40,1805.70,1801.40,1805.70,1805.70,205754.00
11/24/2020,1829.30,1829.30,1799.30,1804.80,1804.80,1041.00
11/23/2020,1834.80,1837.80,1829.20,1837.80,1837.80,843.00
11/20/2020,1871.20,1872.60,1871.20,1872.60,1872.60,1900.00
11/19/2020,1865.80,1865.80,1856.00,1861.10,1861.10,59.00
11/18/2020,1873.50,1873.50,1873.50,1873.50,1873.50,152.00
11/17/2020,1888.40,1888.40,1884.50,1884.50,1884.50,59.00
11/16/2020,1874.60,1887.30,1871.00,1887.30,1887.30,6.00
11/13/2020,1877.00,1890.10,1876.80,1885.70,1885.70,240.00
11/12/2020,1869.00,1878.50,1866.60,1872.60,1872.60,220.00
11/11/2020,1878.80,1878.80,1855.50,1860.70,1860.70,222.00
11/10/2020,1879.30,1885.30,1871.20,1875.40,1875.40,276.00
11/9/2020,1955.60,1963.20,1847.10,1853.20,1853.20,745.00
11/6/2020,1940.80,1958.80,1940.80,1950.30,1950.30,304.00
11/5/2020,1901.70,1948.00,1901.70,1945.30,1945.30,135.00
11/4/2020,1893.80,1907.00,1885.30,1894.60,1894.60,782.00
11/3/2020,1891.50,1908.50,1891.50,1908.50,1908.50,712.00
11/2/2020,1872.90,1894.70,1872.90,1890.40,1890.40,190.00
10/30/2020,1862.80,1886.60,1862.80,1877.40,1877.40,725.00
10/29/2020,1876.10,1879.80,1858.80,1865.60,1865.60,240.00
10/28/2020,1870.90,1876.20,1870.90,1876.20,1876.20,277.00
10/27/2020,1904.60,1908.80,1904.40,1908.80,1908.80,176.00
10/26/2020,1895.50,1907.00,1893.50,1902.70,1902.70,242.00
10/23/2020,1899.90,1913.30,1896.20,1902.00,1902.00,287.00
10/22/2020,1924.30,1924.30,1898.20,1901.10,1901.10,899.00
10/21/2020,1913.60,1927.30,1913.60,1924.60,1924.60,1202.00
10/20/2020,1901.30,1910.40,1896.10,1910.40,1910.40,329.00
10/19/2020,1907.30,1907.80,1899.50,1906.40,1906.40,43.00
10/16/2020,1898.50,1900.80,1898.50,1900.80,1900.80,53.00
10/15/2020,1897.30,1906.30,1889.60,1903.20,1903.20,254.00
10/14/2020,1889.70,1910.80,1882.50,1901.30,1901.30,33.00
10/13/2020,1921.90,1922.20,1887.00,1888.50,1888.50,191.00
10/12/2020,1924.00,1926.50,1921.60,1922.50,1922.50,96.00
10/9/2020,1909.30,1929.10,1905.10,1919.50,1919.50,580.00
10/8/2020,1893.00,1893.00,1882.70,1888.60,1888.60,348.00
10/7/2020,1874.10,1889.80,1873.10,1883.60,1883.60,50.00
10/6/2020,1906.60,1918.00,1874.40,1901.10,1901.10,968.00
10/5/2020,1898.90,1915.60,1884.70,1912.50,1912.50,1360.00
10/2/2020,1893.90,1913.00,1893.90,1900.20,1900.20,530.00
10/1/2020,1884.10,1909.60,1882.50,1908.40,1908.40,730.00
9/30/2020,1893.00,1899.70,1879.80,1887.50,1887.50,600.00
9/29/2020,1876.50,1895.40,1872.40,1894.30,1894.30,3283.00
9/28/2020,1872.80,1872.80,1872.80,1872.80,1872.80,10455.00
9/25/2020,1856.30,1857.70,1856.30,1857.70,1857.70,4.00
9/24/2020,1851.50,1868.30,1851.50,1868.30,1868.30,365.00
9/23/2020,1875.50,1875.50,1859.90,1859.90,1859.90,5.00
9/22/2020,1913.10,1913.10,1898.60,1898.60,1898.60,331.00
9/21/2020,1946.20,1946.20,1883.40,1901.20,1901.20,52.00
9/18/2020,1950.50,1952.10,1949.00,1952.10,1952.10,38.00
9/17/2020,1939.00,1946.00,1933.70,1940.00,1940.00,67.00
9/16/2020,1961.30,1961.40,1956.70,1960.20,1960.20,124.00
9/15/2020,1955.80,1968.50,1955.80,1956.30,1956.30,74.00
9/14/2020,1946.30,1953.10,1943.00,1953.10,1953.10,55.00
9/11/2020,1944.00,1949.50,1937.80,1937.80,1937.80,73.00
9/10/2020,1944.10,1962.70,1944.10,1954.20,1954.20,722.00
9/9/2020,1926.90,1946.20,1924.60,1944.70,1944.70,219.00
9/8/2020,1930.90,1937.90,1903.10,1933.00,1933.00,271.00
9/4/2020,1927.90,1939.70,1917.70,1923.90,1923.90,607.00
9/3/2020,1937.10,1938.80,1923.00,1927.60,1927.60,179.00
9/2/2020,1967.30,1967.30,1934.40,1934.40,1934.40,71.00
9/1/2020,1961.70,1986.30,1961.70,1968.20,1968.20,186.00
8/31/2020,1970.00,1971.30,1953.30,1967.60,1967.60,158.00
8/28/2020,1927.10,1971.30,1922.50,1964.60,1964.60,778.00
8/27/2020,1948.90,1972.50,1921.60,1921.60,1921.60,2303.00
8/26/2020,1909.70,1950.80,1909.70,1940.70,1940.70,287.00
8/25/2020,1927.50,1928.50,1911.80,1911.80,1911.80,176.00
8/24/2020,1930.20,1940.00,1922.20,1927.70,1927.70,85.00
8/21/2020,1941.00,1945.00,1908.90,1934.60,1934.60,184.00
8/20/2020,1941.20,1948.30,1922.30,1933.80,1933.80,106.00
8/19/2020,1980.00,1980.00,1938.70,1958.70,1958.70,347.00
8/18/2020,2001.10,2002.80,1972.10,1999.40,1999.40,92.00
8/17/2020,1949.60,1985.00,1949.60,1985.00,1985.00,97.00
8/14/2020,1938.70,1947.40,1937.00,1937.00,1937.00,201.00
8/13/2020,1921.50,1957.40,1916.90,1956.70,1956.70,71.00
8/12/2020,1923.00,1946.60,1871.60,1934.90,1934.90,404.00
8/11/2020,2012.40,2016.00,1904.00,1932.60,1932.60,971.00
8/10/2020,2026.40,2043.80,2017.50,2024.40,2024.40,233.00
8/7/2020,2040.10,2055.00,2009.60,2010.10,2010.10,808.00
8/6/2020,2045.50,2063.00,2040.00,2051.50,2051.50,294.00
8/5/2020,2024.00,2050.20,2011.00,2031.10,2031.10,1422.00
8/4/2020,1971.00,2016.20,1968.80,2001.20,2001.20,2010.00
8/3/2020,1984.30,1984.30,1955.50,1966.00,1966.00,683.00
7/31/2020,1948.60,1981.10,1948.00,1962.80,1962.80,2914.00
7/30/2020,1963.40,1965.10,1930.00,1942.30,1942.30,28853.00
7/29/2020,1953.20,1953.50,1952.60,1953.50,1953.50,209835.00
7/28/2020,1931.50,1944.70,1928.60,1944.70,1944.70,825.00
7/27/2020,1901.70,1938.00,1901.50,1931.00,1931.00,364.00
7/24/2020,1884.30,1897.30,1884.30,1897.30,1897.30,474.00
7/23/2020,1868.70,1890.30,1868.50,1889.10,1889.10,133.00
7/22/2020,1858.10,1867.00,1854.70,1864.10,1864.10,213.00
7/21/2020,1822.00,1842.40,1822.00,1842.40,1842.40,117.00
7/20/2020,1807.00,1817.30,1807.00,1815.90,1815.90,89.00
7/17/2020,1798.50,1810.10,1798.50,1808.30,1808.30,24.00
7/16/2020,1810.90,1810.90,1794.30,1798.70,1798.70,146.00
7/15/2020,1806.10,1813.50,1806.10,1811.40,1811.40,167.00
7/14/2020,1791.00,1811.50,1791.00,1810.60,1810.60,339.00
7/13/2020,1805.00,1811.00,1805.00,1811.00,1811.00,164.00
7/10/2020,1805.50,1805.50,1797.70,1798.20,1798.20,236.00
7/9/2020,1816.10,1819.80,1799.20,1799.20,1799.20,396.00
7/8/2020,1801.50,1817.90,1801.50,1815.50,1815.50,209.00
7/7/2020,1789.30,1804.20,1783.30,1804.20,1804.20,751.00
7/6/2020,1788.20,1790.10,1788.20,1788.50,1788.50,172.00
7/2/2020,1773.40,1784.00,1768.70,1784.00,1784.00,215.00
7/1/2020,1793.60,1798.00,1765.80,1773.20,1773.20,331.00
6/30/2020,1777.30,1793.20,1774.40,1793.00,1793.00,986.00
6/29/2020,1779.80,1780.20,1774.30,1774.80,1774.80,584.00
6/26/2020,1766.00,1772.50,1764.70,1772.50,1772.50,640.00
6/25/2020,1761.70,1764.80,1759.80,1762.10,1762.10,207.00
6/24/2020,1778.30,1783.10,1764.50,1765.80,1765.80,961.00
6/23/2020,1755.40,1776.30,1754.20,1772.10,1772.10,666.00
6/22/2020,1755.20,1767.60,1750.50,1756.70,1756.70,1356.00
6/19/2020,1723.70,1750.70,1723.50,1745.90,1745.90,1329.00
6/18/2020,1730.50,1734.10,1717.30,1724.80,1724.80,110.00
6/17/2020,1714.70,1729.20,1714.70,1729.20,1729.20,51.00
6/16/2020,1726.30,1729.60,1722.40,1729.60,1729.60,22.00
6/15/2020,1730.00,1730.00,1703.30,1720.30,1720.30,188.00
6/12/2020,1724.90,1743.00,1724.90,1729.30,1729.30,318.00
6/11/2020,1737.20,1744.10,1720.00,1732.00,1732.00,347.00
6/10/2020,1716.10,1740.80,1711.90,1713.30,1713.30,718.00
6/9/2020,1694.60,1720.90,1692.00,1714.70,1714.70,690.00
6/8/2020,1679.10,1699.40,1675.90,1698.30,1698.30,587.00
6/5/2020,1711.80,1711.80,1668.60,1676.20,1676.20,1502.00
6/4/2020,1694.50,1718.90,1694.50,1718.90,1718.90,807.00
6/3/2020,1726.30,1726.30,1684.50,1697.80,1697.80,2755.00
6/2/2020,1743.00,1745.50,1721.80,1725.20,1725.20,741.00
6/1/2020,1740.40,1747.00,1727.10,1737.80,1737.80,871.00
5/29/2020,1718.80,1738.30,1715.10,1736.90,1736.90,1526.00
5/28/2020,1709.30,1727.80,1705.00,1713.30,1713.30,23355.00
5/27/2020,1685.60,1710.30,1685.60,1710.30,1710.30,137416.00
5/26/2020,1726.40,1726.40,1704.80,1704.80,1704.80,39.00
5/22/2020,1726.60,1734.60,1726.60,1734.60,1734.60,6.00
5/21/2020,1746.80,1746.80,1720.50,1720.50,1720.50,528.00
5/20/2020,1751.60,1752.10,1745.60,1750.60,1750.60,16.00
5/19/2020,1744.20,1749.50,1744.20,1744.20,1744.20,167.00
5/18/2020,1755.70,1770.50,1731.80,1731.80,1731.80,229.00
5/15/2020,1739.70,1753.40,1739.70,1753.40,1753.40,719.00
5/14/2020,1724.30,1743.10,1720.50,1738.10,1738.10,672.00
5/13/2020,1702.00,1721.30,1701.90,1713.90,1713.90,431.00
5/12/2020,1699.30,1713.10,1699.30,1704.40,1704.40,324.00
5/11/2020,1702.30,1704.50,1690.20,1695.30,1695.30,749.00
5/8/2020,1726.20,1728.90,1703.80,1709.90,1709.90,330.00
5/7/2020,1686.20,1721.80,1685.60,1721.80,1721.80,853.00
5/6/2020,1704.00,1704.00,1684.20,1684.20,1684.20,469.00
5/5/2020,1701.50,1704.40,1697.20,1704.40,1704.40,82.00
5/4/2020,1702.60,1709.00,1699.60,1706.90,1706.90,320.00
5/1/2020,1686.60,1701.50,1670.50,1694.50,1694.50,337.00
4/30/2020,1719.30,1719.30,1680.80,1684.20,1684.20,327.00
4/29/2020,1710.00,1713.50,1702.00,1703.40,1703.40,373.00
4/28/2020,1716.60,1716.60,1707.10,1710.50,1710.50,1255.00
4/27/2020,1731.90,1731.90,1711.90,1711.90,1711.90,169.00
4/24/2020,1744.00,1744.00,1714.50,1723.50,1723.50,221.00
4/23/2020,1734.00,1745.10,1733.30,1733.30,1733.30,482.00
4/22/2020,1696.00,1728.70,1684.80,1728.70,1728.70,453.00
4/21/2020,1697.00,1707.10,1659.90,1678.20,1678.20,666.00
4/20/2020,1686.00,1701.60,1680.00,1701.60,1701.60,106.00
4/17/2020,1715.70,1725.00,1684.90,1689.20,1689.20,223.00
4/16/2020,1731.00,1750.60,1715.00,1720.40,1720.40,162.00
4/15/2020,1739.40,1744.90,1722.70,1727.20,1727.20,642.00
4/14/2020,1756.80,1775.00,1739.50,1756.70,1756.70,675.00
4/13/2020,1722.00,1756.80,1710.70,1744.80,1744.80,696.00
4/9/2020,1662.70,1736.20,1662.70,1736.20,1736.20,825.00
4/8/2020,1669.70,1677.00,1662.50,1665.40,1665.40,747.00
4/7/2020,1695.70,1724.40,1658.00,1664.80,1664.80,1144.00
4/6/2020,1629.10,1696.70,1625.90,1677.00,1677.00,1063.00
4/3/2020,1624.50,1636.00,1619.80,1633.70,1633.70,643.00
4/2/2020,1590.90,1631.20,1586.00,1625.70,1625.70,1294.00
4/1/2020,1570.00,1600.00,1570.00,1578.20,1578.20,2158.00
3/31/2020,1618.70,1621.00,1576.00,1583.40,1583.40,2874.00
3/30/2020,1641.20,1652.80,1607.20,1622.00,1622.00,16389.00
3/27/2020,1623.90,1623.90,1623.90,1623.90,1623.90,100638.00
3/26/2020,1660.50,1660.50,1650.10,1650.10,1650.10,3.00
3/25/2020,1676.50,1676.50,1631.10,1632.30,1632.30,476.00
3/24/2020,1592.70,1685.50,1592.70,1660.20,1660.20,442.00
3/23/2020,1505.30,1567.00,1490.20,1567.00,1567.00,51.00
3/20/2020,1483.50,1484.00,1483.50,1484.00,1484.00,14.00
3/19/2020,1481.50,1491.60,1471.00,1478.60,1478.60,262.00
3/18/2020,1537.50,1542.00,1477.30,1477.30,1477.30,333.00
3/17/2020,1469.30,1537.70,1469.30,1524.90,1524.90,122.00
3/16/2020,1569.10,1569.10,1452.10,1485.90,1485.90,193.00
3/13/2020,1574.90,1589.80,1513.80,1515.70,1515.70,89.00
3/12/2020,1637.00,1647.50,1566.40,1589.30,1589.30,256.00
3/11/2020,1656.60,1666.50,1635.00,1641.40,1641.40,47.00
3/10/2020,1671.60,1674.60,1643.00,1659.10,1659.10,48.00
3/9/2020,1696.10,1701.60,1657.70,1674.50,1674.50,161.00
3/6/2020,1670.80,1686.20,1647.20,1670.80,1670.80,175.00
3/5/2020,1637.30,1672.90,1637.20,1666.40,1666.40,154.00
3/4/2020,1645.40,1645.90,1631.30,1641.10,1641.10,83.00
3/3/2020,1594.50,1645.30,1594.00,1642.10,1642.10,610.00
3/2/2020,1583.90,1608.30,1574.30,1592.30,1592.30,537.00
2/28/2020,1640.30,1642.50,1564.10,1564.10,1564.10,289.00
2/27/2020,1641.10,1658.00,1638.50,1640.00,1640.00,707.00
2/26/2020,1644.00,1648.10,1636.40,1640.00,1640.00,1990.00
2/25/2020,1645.10,1653.70,1632.30,1646.90,1646.90,409.00
2/24/2020,1657.00,1686.60,1650.00,1672.40,1672.40,435.00
2/21/2020,1619.30,1645.00,1619.30,1644.60,1644.60,186.00
2/20/2020,1606.50,1621.00,1603.00,1616.60,1616.60,117.00
2/19/2020,1600.60,1610.50,1599.70,1607.50,1607.50,542.00
2/18/2020,1579.80,1604.30,1579.80,1600.00,1600.00,310.00
2/14/2020,1575.80,1582.70,1574.80,1582.70,1582.70,68.00
2/13/2020,1570.20,1575.10,1570.20,1575.10,1575.10,74.00
2/12/2020,1565.20,1568.70,1561.00,1567.40,1567.40,36.00
2/11/2020,1570.90,1571.10,1561.90,1565.60,1565.60,440.00
2/10/2020,1569.30,1574.70,1568.60,1574.70,1574.70,128.00
2/7/2020,1564.90,1571.90,1560.50,1568.60,1568.60,431.00
2/6/2020,1553.60,1565.60,1551.60,1565.10,1565.10,110.00
2/5/2020,1553.20,1560.70,1547.70,1557.80,1557.80,1305.00
2/4/2020,1577.70,1577.70,1547.80,1550.40,1550.40,978.00
2/3/2020,1592.90,1593.30,1568.20,1577.20,1577.20,1062.00
1/31/2020,1573.40,1589.00,1570.00,1582.90,1582.90,1095.00
1/30/2020,1576.80,1585.00,1571.40,1583.50,1583.50,62336.00
1/29/2020,1569.80,1569.80,1569.80,1569.80,1569.80,251274.00
1/28/2020,1576.40,1576.40,1569.20,1569.20,1569.20,3.00
1/27/2020,1584.30,1584.50,1576.80,1576.80,1576.80,22.00
1/24/2020,1556.30,1571.10,1556.30,1571.10,1571.10,43.00
1/23/2020,1553.10,1564.60,1552.20,1564.60,1564.60,15.00
1/22/2020,1549.80,1557.10,1549.80,1555.30,1555.30,42.00
1/21/2020,1559.30,1566.20,1551.00,1556.40,1556.40,45.00
1/17/2020,1554.10,1558.80,1553.60,1558.80,1558.80,108.00
1/16/2020,1555.70,1556.10,1548.50,1549.00,1549.00,98.00
1/15/2020,1548.00,1553.90,1545.60,1552.10,1552.10,11.00
1/14/2020,1546.70,1546.70,1534.90,1542.40,1542.40,32.00
1/13/2020,1557.40,1558.00,1548.40,1548.40,1548.40,48.00
1/10/2020,1551.20,1558.80,1545.40,1557.50,1557.50,16.00
1/9/2020,1555.70,1555.70,1543.30,1551.70,1551.70,54.00
1/8/2020,1579.70,1604.20,1552.30,1557.40,1557.40,236.00
1/7/2020,1558.30,1576.30,1558.30,1571.80,1571.80,47.00
1/6/2020,1580.00,1580.00,1560.40,1566.20,1566.20,416.00
1/3/2020,1530.10,1552.70,1530.10,1549.20,1549.20,107.00
1/2/2020,1518.10,1528.70,1518.00,1524.50,1524.50,214.00
12/31/2019,1513.80,1523.40,1513.80,1519.50,1519.50,301.00
12/30/2019,1512.60,1515.10,1510.00,1514.50,1514.50,446.00
12/27/2019,1513.80,1513.80,1513.80,1513.80,1513.80,839.00
12/26/2019,1505.20,1512.30,1505.00,1509.30,1509.30,126.00
12/24/2019,1488.70,1499.10,1488.70,1499.10,1499.10,52.00
12/23/2019,1482.30,1482.50,1479.90,1482.50,1482.50,391.00
12/20/2019,1476.70,1478.10,1474.70,1474.70,1474.70,118.00
12/19/2019,1475.90,1478.90,1473.30,1478.20,1478.20,319.00
12/18/2019,1472.60,1472.60,1472.60,1472.60,1472.60,250.00
12/17/2019,1474.10,1476.90,1474.00,1474.60,1474.60,410.00
12/16/2019,1473.80,1475.30,1473.80,1475.00,1475.00,99.00
12/13/2019,1463.10,1475.90,1463.10,1475.60,1475.60,468.00
12/12/2019,1475.10,1483.90,1463.70,1466.70,1466.70,955.00
12/11/2019,1463.10,1475.40,1463.10,1469.40,1469.40,393.00
12/10/2019,1460.70,1467.20,1460.70,1462.60,1462.60,367.00
12/9/2019,1458.80,1464.20,1458.60,1459.30,1459.30,1461.00
12/6/2019,1475.00,1476.00,1458.20,1459.10,1459.10,899.00
12/5/2019,1474.70,1478.00,1472.30,1476.90,1476.90,907.00
12/4/2019,1477.50,1483.40,1471.20,1474.00,1474.00,613.00
12/3/2019,1461.60,1480.40,1459.50,1478.20,1478.20,1460.00
12/2/2019,1462.80,1464.40,1453.30,1462.30,1462.30,2172.00
11/29/2019,1453.60,1465.60,1452.10,1465.60,1465.60,7020.00
11/27/2019,1461.10,1461.90,1452.00,1453.40,1453.40,88364.00
11/26/2019,1459.80,1459.80,1459.80,1459.80,1459.80,346362.00
11/25/2019,1457.10,1457.10,1455.50,1456.60,1456.60,14.00
11/22/2019,1468.60,1468.60,1463.10,1463.10,1463.10,19.00
11/21/2019,1463.10,1463.10,1463.10,1463.10,1463.10,16.00
11/20/2019,1472.60,1474.50,1467.30,1473.30,1473.30,31.00
11/19/2019,1467.70,1474.30,1467.70,1473.30,1473.30,18.00
11/18/2019,1472.00,1472.00,1469.70,1470.90,1470.90,141.00
11/15/2019,1469.10,1469.10,1467.30,1467.30,1467.30,13.00
11/14/2019,1463.80,1471.80,1463.70,1471.80,1471.80,83.00
11/13/2019,1456.80,1463.30,1456.80,1461.70,1461.70,56.00
11/12/2019,1454.90,1454.90,1447.10,1452.10,1452.10,6.00
11/11/2019,1461.00,1461.00,1449.30,1455.50,1455.50,22.00
11/8/2019,1469.10,1469.10,1461.30,1461.30,1461.30,21.00
11/7/2019,1489.10,1489.10,1464.20,1464.20,1464.20,581.00
11/6/2019,1483.20,1491.00,1483.20,1490.20,1490.20,567.00
11/5/2019,1507.10,1507.10,1480.80,1480.80,1480.80,31.00
11/4/2019,1511.60,1511.60,1508.00,1508.00,1508.00,101.00
11/1/2019,1511.00,1511.60,1503.00,1508.00,1508.00,235.00
10/31/2019,1496.10,1513.10,1496.10,1511.40,1511.40,210.00
10/30/2019,1487.20,1495.40,1481.00,1493.20,1493.20,320.00
10/29/2019,1485.90,1487.00,1485.90,1487.00,1487.00,425.00
10/28/2019,1504.10,1504.10,1490.00,1490.00,1490.00,37.00
10/25/2019,1501.40,1514.30,1499.00,1499.50,1499.50,93.00
10/24/2019,1490.50,1501.20,1485.90,1498.90,1498.90,115.00
10/23/2019,1486.40,1490.30,1486.40,1489.90,1489.90,67.00
10/22/2019,1483.40,1483.50,1481.70,1481.70,1481.70,99.00
10/21/2019,1489.90,1489.90,1481.50,1482.40,1482.40,72.00
10/18/2019,1487.30,1489.10,1486.60,1488.20,1488.20,82.00
10/17/2019,1486.20,1493.20,1485.80,1492.30,1492.30,271.00
10/16/2019,1482.00,1488.00,1480.00,1488.00,1488.00,383.00
10/15/2019,1488.90,1495.40,1476.60,1477.60,1477.60,367.00
10/14/2019,1484.40,1493.50,1481.30,1491.70,1491.70,400.00
10/11/2019,1491.90,1494.90,1476.90,1482.70,1482.70,57.00
10/10/2019,1511.20,1511.20,1490.60,1494.80,1494.80,78.00
10/9/2019,1507.70,1507.70,1498.40,1506.10,1506.10,120.00
10/8/2019,1489.40,1506.30,1489.30,1497.20,1497.20,46.00
10/7/2019,1504.80,1505.80,1489.10,1497.70,1497.70,121.00
10/4/2019,1505.60,1508.70,1497.10,1506.20,1506.20,233.00
10/3/2019,1497.40,1518.20,1496.60,1507.10,1507.10,1213.00
10/2/2019,1476.60,1503.70,1474.10,1501.00,1501.00,205.00
10/1/2019,1468.70,1485.50,1458.30,1482.00,1482.00,219.00
9/30/2019,1495.90,1495.90,1463.50,1465.70,1465.70,1078.00
9/27/2019,1504.20,1506.10,1485.60,1499.10,1499.10,7827.00
9/26/2019,1507.50,1507.50,1507.50,1507.50,1507.50,8178.00
9/25/2019,1527.60,1527.90,1504.60,1504.60,1504.60,25.00
9/24/2019,1515.10,1533.00,1515.10,1532.10,1532.10,25.00
9/23/2019,1515.50,1523.70,1515.50,1523.70,1523.70,5.00
9/20/2019,1503.00,1507.30,1503.00,1507.30,1507.30,2.00
9/19/2019,1496.10,1502.40,1496.10,1498.40,1498.40,10.00
9/18/2019,1508.90,1509.40,1489.30,1507.50,1507.50,8.00
9/17/2019,1497.90,1505.10,1497.90,1505.10,1505.10,3.00
9/16/2019,1506.60,1506.80,1496.90,1503.10,1503.10,21.00
9/13/2019,1490.90,1490.90,1486.90,1490.90,1490.90,1.00
9/12/2019,1499.50,1515.40,1498.70,1498.70,1498.70,27.00
9/11/2019,1491.70,1496.60,1490.20,1494.40,1494.40,8.00
9/10/2019,1498.50,1498.50,1486.90,1490.30,1490.30,23.00
9/9/2019,1509.00,1513.00,1498.00,1502.20,1502.20,69.00
9/6/2019,1517.30,1526.00,1504.50,1506.20,1506.20,54.00
9/5/2019,1551.00,1551.10,1511.10,1515.40,1515.40,125.00
9/4/2019,1549.00,1553.20,1534.80,1550.30,1550.30,46.00
9/3/2019,1522.90,1547.30,1521.00,1545.90,1545.90,139.00
8/30/2019,1524.60,1530.40,1516.70,1519.10,1519.10,276.00
8/29/2019,1537.50,1549.30,1519.60,1526.50,1526.50,704.00
8/28/2019,1538.10,1538.10,1537.80,1537.80,1537.80,2756.00
8/27/2019,1530.50,1542.10,1528.50,1541.00,1541.00,166.00
8/26/2019,1543.20,1543.30,1524.30,1526.30,1526.30,334.00
8/23/2019,1493.50,1527.60,1493.50,1526.60,1526.60,983.00
8/22/2019,1495.10,1497.30,1493.80,1497.30,1497.30,686.00
8/21/2019,1504.90,1505.00,1498.80,1504.60,1504.60,350.00
8/20/2019,1497.50,1506.10,1497.50,1504.60,1504.60,486.00
8/19/2019,1507.20,1507.60,1492.90,1500.40,1500.40,205.00
8/16/2019,1524.60,1524.60,1504.70,1512.50,1512.50,1815.00
8/15/2019,1519.80,1522.70,1510.60,1519.60,1519.60,87.00
8/14/2019,1500.00,1520.50,1497.00,1515.90,1515.90,328.00
8/13/2019,1510.40,1531.40,1483.70,1502.20,1502.20,672.00
8/12/2019,1496.00,1514.90,1488.10,1505.30,1505.30,257.00
8/9/2019,1506.20,1507.50,1495.60,1496.60,1496.60,74.00
8/8/2019,1498.40,1508.50,1492.00,1497.70,1497.70,367.00
8/7/2019,1473.50,1509.90,1473.20,1507.30,1507.30,824.00
8/6/2019,1469.70,1475.00,1457.70,1472.40,1472.40,460.00
8/5/2019,1440.40,1469.70,1440.40,1464.60,1464.60,1008.00
8/2/2019,1448.00,1448.00,1432.30,1445.60,1445.60,1873.00
8/1/2019,1411.30,1445.20,1400.90,1420.90,1420.90,2431.00
7/31/2019,1431.30,1435.80,1411.20,1426.10,1426.10,3294.00
7/30/2019,1426.30,1433.90,1422.10,1429.70,1429.70,73874.00
7/29/2019,1419.60,1419.60,1419.60,1419.60,1419.60,224267.00
7/26/2019,1422.80,1423.00,1418.50,1418.50,1418.50,5.00
7/25/2019,1413.90,1413.90,1413.90,1413.90,1413.90,4.00
7/24/2019,1422.80,1422.80,1422.80,1422.80,1422.80,20.00
7/23/2019,1418.60,1421.30,1416.30,1420.10,1420.10,5.00
7/22/2019,1425.30,1425.30,1424.00,1425.30,1425.30,1.00
7/19/2019,1440.50,1442.00,1425.10,1425.10,1425.10,22.00
7/18/2019,1422.30,1444.20,1419.50,1426.10,1426.10,66.00
7/17/2019,1404.60,1421.30,1404.60,1421.30,1421.30,6.00
7/16/2019,1413.60,1413.70,1405.00,1409.20,1409.20,13.00
7/15/2019,1414.40,1415.00,1411.40,1411.40,1411.40,25.00
7/12/2019,1405.60,1410.10,1405.60,1409.90,1409.90,8.00
7/11/2019,1424.00,1424.00,1404.30,1404.30,1404.30,6.00
7/10/2019,1409.90,1410.10,1409.90,1410.10,1410.10,50.00
7/9/2019,1394.50,1397.50,1386.20,1397.50,1397.50,53.00
7/8/2019,1395.90,1397.00,1393.60,1397.00,1397.00,14.00
7/5/2019,1418.30,1418.30,1390.20,1396.70,1396.70,20.00
7/3/2019,1431.00,1434.00,1413.10,1417.70,1417.70,46.00
7/2/2019,1391.10,1418.40,1390.80,1404.60,1404.60,38.00
7/1/2019,1386.60,1395.80,1382.80,1385.60,1385.60,214.00
6/28/2019,1408.30,1422.00,1408.30,1409.70,1409.70,356.00
6/27/2019,1407.00,1410.80,1399.80,1408.40,1408.40,437.00
6/26/2019,1407.20,1413.30,1405.80,1411.60,1411.60,1333.00
6/25/2019,1418.10,1433.30,1414.90,1414.90,1414.90,105.00
6/24/2019,1406.00,1420.60,1402.10,1414.30,1414.30,125.00
6/21/2019,1406.00,1406.00,1390.30,1396.20,1396.20,35.00
6/20/2019,1381.50,1392.90,1379.50,1392.90,1392.90,76.00
6/19/2019,1344.00,1344.60,1344.00,1344.60,1344.60,129.00
6/18/2019,1349.30,1349.30,1341.60,1346.60,1346.60,29.00
6/17/2019,1339.00,1340.30,1335.00,1338.70,1338.70,76.00
6/14/2019,1345.40,1355.40,1339.30,1340.10,1340.10,914.00
6/13/2019,1331.60,1341.10,1331.60,1339.20,1339.20,157.00
6/12/2019,1326.90,1334.50,1326.90,1331.90,1331.90,139.00
6/11/2019,1328.40,1328.40,1319.10,1326.40,1326.40,201.00
6/10/2019,1335.80,1336.50,1324.10,1324.70,1324.70,268.00
6/7/2019,1333.10,1347.70,1329.80,1341.20,1341.20,240.00
6/6/2019,1330.80,1338.70,1326.20,1337.60,1337.60,161.00
6/5/2019,1328.90,1343.30,1326.30,1328.30,1328.30,622.00
6/4/2019,1324.30,1328.60,1320.80,1323.40,1323.40,302.00
6/3/2019,1307.00,1327.80,1307.00,1322.70,1322.70,812.00
5/31/2019,1287.70,1306.40,1287.50,1305.80,1305.80,2814.00
5/30/2019,1279.40,1288.30,1273.90,1287.10,1287.10,55573.00
5/29/2019,1280.60,1280.60,1280.60,1280.60,1280.60,189694.00
5/20/2019,1276.10,1276.10,1276.10,1276.10,1276.10,20.00
5/17/2019,1280.00,1280.00,1274.50,1274.50,1274.50,1.00
5/16/2019,1285.20,1285.40,1285.00,1285.00,1285.00,3.00
5/15/2019,1296.90,1296.90,1296.00,1296.30,1296.30,55.00
5/14/2019,1297.80,1297.80,1294.70,1294.70,1294.70,6.00
5/13/2019,1286.70,1300.10,1281.80,1300.10,1300.10,56.00
5/10/2019,1285.40,1286.50,1283.30,1285.70,1285.70,6.00
5/9/2019,1278.90,1285.00,1278.80,1283.50,1283.50,38.00
5/8/2019,1279.40,1279.40,1279.40,1279.40,1279.40,5.00
5/7/2019,1280.50,1283.50,1280.50,1283.50,1283.50,8.00
5/6/2019,1282.20,1282.20,1280.30,1281.70,1281.70,12.00
5/3/2019,1270.10,1279.20,1270.10,1279.20,1279.20,15.00
5/2/2019,1269.20,1270.80,1266.60,1269.70,1269.70,63.00
5/1/2019,1278.70,1283.30,1278.70,1281.40,1281.40,70.00
4/30/2019,1281.70,1283.30,1280.80,1282.80,1282.80,114.00
4/29/2019,1284.80,1284.90,1277.10,1278.60,1278.60,568.00
4/26/2019,1284.90,1284.90,1284.90,1284.90,1284.90,804.00
4/25/2019,1280.60,1280.80,1275.80,1275.80,1275.80,95.00
4/24/2019,1268.40,1275.50,1267.80,1275.50,1275.50,518.00
4/23/2019,1266.40,1269.80,1266.00,1269.30,1269.30,206.00
4/22/2019,1273.50,1273.50,1273.50,1273.50,1273.50,147.00
4/18/2019,1270.80,1273.60,1270.10,1271.90,1271.90,27.00
4/17/2019,1273.50,1273.50,1271.60,1272.20,1272.20,308.00
4/16/2019,1285.20,1285.20,1272.20,1272.60,1272.60,643.00
4/15/2019,1284.80,1287.30,1282.30,1286.80,1286.80,523.00
4/12/2019,1293.40,1293.40,1289.20,1290.60,1290.60,607.00
4/11/2019,1307.00,1307.10,1288.60,1288.60,1288.60,420.00
4/10/2019,1304.00,1309.10,1301.50,1309.10,1309.10,66.00
4/9/2019,1298.50,1304.90,1298.50,1303.50,1303.50,30.00
4/8/2019,1292.20,1302.10,1291.80,1297.10,1297.10,63.00
4/5/2019,1292.00,1292.00,1283.60,1290.40,1290.40,181.00
4/4/2019,1290.60,1292.60,1279.50,1289.00,1289.00,269.00
4/3/2019,1291.40,1293.10,1287.50,1289.90,1289.90,172.00
4/2/2019,1286.30,1290.90,1284.50,1290.00,1290.00,525.00
4/1/2019,1291.80,1295.90,1285.70,1288.40,1288.40,675.00
3/29/2019,1289.60,1298.50,1286.10,1293.00,1293.00,1265.00
3/28/2019,1308.40,1311.10,1287.70,1289.80,1289.80,87798.00
3/27/2019,1309.90,1309.90,1309.90,1309.90,1309.90,206263.00
3/26/2019,1315.60,1315.60,1314.30,1314.30,1314.30,1.00
3/25/2019,1320.70,1322.90,1320.70,1321.90,1321.90,19.00
3/20/2019,1300.70,1300.70,1300.50,1300.50,1300.50,2.00
3/19/2019,1306.90,1306.90,1304.80,1305.00,1305.00,20.00
3/18/2019,1297.30,1302.20,1297.30,1300.30,1300.30,8.00
3/15/2019,1300.90,1304.70,1300.50,1301.80,1301.80,26.00
3/14/2019,1293.40,1293.40,1293.40,1293.40,1293.40,1.00
3/12/2019,1294.70,1296.30,1294.70,1296.30,1296.30,1.00
3/11/2019,1291.00,1291.00,1288.80,1288.80,1288.80,9.00
3/8/2019,1292.10,1297.40,1291.60,1297.00,1297.00,10.00
3/7/2019,1281.00,1284.60,1281.00,1283.80,1283.80,11.00
3/6/2019,1287.10,1287.10,1282.60,1284.90,1284.90,14.00
3/5/2019,1287.00,1287.00,1282.00,1282.00,1282.00,114.00
3/4/2019,1285.50,1287.00,1281.90,1284.80,1284.80,28.00
3/1/2019,1312.20,1312.20,1288.90,1296.40,1296.40,110.00
2/28/2019,1321.10,1323.70,1311.50,1312.80,1312.80,141.00
2/27/2019,1327.70,1327.90,1316.50,1317.70,1317.70,604.00
2/26/2019,1323.30,1325.50,1323.30,1325.10,1325.10,939.00
2/25/2019,1329.20,1331.60,1325.60,1325.90,1325.90,185.00
2/22/2019,1324.20,1331.30,1321.00,1329.20,1329.20,718.00
2/21/2019,1331.30,1334.90,1320.90,1323.50,1323.50,414.00
2/20/2019,1342.20,1344.00,1338.00,1343.30,1343.30,581.00
2/19/2019,1320.90,1340.10,1320.50,1340.10,1340.10,390.00
2/15/2019,1313.60,1318.80,1313.60,1318.10,1318.10,190.00
2/14/2019,1305.00,1311.80,1301.60,1309.80,1309.80,858.00
2/13/2019,1311.60,1316.00,1308.10,1310.80,1310.80,143.00
2/12/2019,1310.00,1312.00,1307.60,1309.20,1309.20,109.00
2/11/2019,1313.40,1313.40,1304.70,1307.00,1307.00,119.00
2/8/2019,1309.50,1314.00,1307.80,1313.70,1313.70,122.00
2/7/2019,1302.90,1310.40,1302.20,1309.40,1309.40,203.00
2/6/2019,1312.50,1313.50,1305.00,1309.50,1309.50,358.00
2/5/2019,1311.10,1315.10,1311.00,1314.20,1314.20,362.00
2/4/2019,1318.10,1318.10,1308.30,1314.30,1314.30,675.00
2/1/2019,1320.30,1320.70,1315.40,1316.90,1316.90,878.00
1/31/2019,1320.00,1325.40,1316.70,1319.70,1319.70,1970.00
1/30/2019,1310.40,1323.40,1308.10,1309.90,1309.90,54958.00
1/29/2019,1308.20,1308.20,1308.20,1308.20,1308.20,213607.00
1/28/2019,1300.80,1307.10,1298.40,1302.40,1302.40,54.00
1/24/2019,1279.10,1279.10,1278.50,1279.10,1279.10,1.00
1/23/2019,1281.70,1283.90,1278.70,1283.10,1283.10,14.00
1/22/2019,1282.50,1283.30,1282.50,1282.50,1282.50,7.00
1/18/2019,1281.30,1281.30,1281.30,1281.30,1281.30,3.00
1/17/2019,1291.60,1292.70,1288.50,1291.00,1291.00,10.00
1/16/2019,1291.60,1291.60,1291.60,1291.60,1291.60,2.00
1/15/2019,1290.10,1292.70,1286.20,1286.20,1286.20,3.00
1/14/2019,1292.40,1293.90,1289.10,1289.10,1289.10,7.00
1/11/2019,1291.20,1291.20,1286.30,1287.10,1287.10,11.00
1/9/2019,1279.40,1289.30,1279.20,1289.30,1289.30,102.00
1/8/2019,1280.50,1283.20,1278.20,1283.20,1283.20,54.00
1/7/2019,1286.80,1286.80,1286.60,1286.80,1286.80,2.00
1/4/2019,1294.20,1294.20,1275.30,1282.70,1282.70,34.00
1/3/2019,1286.80,1292.00,1286.70,1291.80,1291.80,10.00
1/2/2019,1286.00,1286.00,1277.60,1281.00,1281.00,149.00
12/31/2018,1278.00,1281.30,1277.60,1278.30,1278.30,19.00
12/28/2018,1273.50,1280.10,1273.50,1279.90,1279.90,805.00
12/27/2018,1276.70,1277.30,1276.70,1277.30,1277.30,480.00
12/26/2018,1269.30,1277.40,1269.20,1269.20,1269.20,63.00
12/24/2018,1260.30,1268.50,1260.30,1267.50,1267.50,27.00
12/21/2018,1260.30,1261.30,1253.80,1253.80,1253.80,96.00
12/20/2018,1243.20,1263.60,1243.20,1263.60,1263.60,49.00
12/19/2018,1255.80,1255.80,1252.10,1252.10,1252.10,268.00
12/18/2018,1248.20,1249.20,1245.60,1249.20,1249.20,31.00
12/17/2018,1239.30,1247.40,1239.30,1247.40,1247.40,10.00
12/14/2018,1241.70,1241.70,1234.10,1237.00,1237.00,33.00
12/13/2018,1243.50,1243.50,1241.00,1242.70,1242.70,194.00
12/12/2018,1245.30,1245.60,1244.10,1244.40,1244.40,84.00
12/11/2018,1245.80,1248.70,1241.50,1241.90,1241.90,117.00
12/10/2018,1249.60,1249.60,1241.70,1243.70,1243.70,131.00
12/7/2018,1238.30,1249.80,1237.60,1246.80,1246.80,211.00
12/6/2018,1237.50,1244.40,1234.80,1238.10,1238.10,434.00
12/4/2018,1231.00,1241.40,1230.40,1241.10,1241.10,474.00
12/3/2018,1222.50,1234.10,1221.30,1233.90,1233.90,751.00
11/30/2018,1224.10,1225.00,1216.10,1220.20,1220.20,2060.00
11/29/2018,1221.00,1228.70,1220.50,1224.10,1224.10,55478.00
11/28/2018,1211.50,1221.40,1211.50,1221.40,1221.40,247168.00
11/27/2018,1221.90,1222.00,1211.20,1211.20,1211.20,5.00
11/26/2018,1220.20,1222.00,1220.20,1220.20,1220.20,2.00
11/23/2018,1224.80,1224.80,1221.00,1221.00,1221.00,1.00
11/20/2018,1225.30,1228.80,1219.00,1219.00,1219.00,12.00
11/16/2018,1216.70,1223.80,1216.70,1220.80,1220.80,5.00
11/13/2018,1196.30,1201.30,1196.30,1199.20,1199.20,5.00
11/12/2018,1201.60,1201.60,1201.30,1201.30,1201.30,1.00
11/9/2018,1207.90,1207.90,1206.40,1206.40,1206.40,14.00
11/8/2018,1222.90,1222.90,1222.90,1222.90,1222.90,2.00
11/7/2018,1228.60,1228.60,1226.20,1226.20,1226.20,1.00
11/6/2018,1230.70,1233.80,1223.80,1223.80,1223.80,4.00
11/5/2018,1230.60,1231.50,1226.70,1229.80,1229.80,15.00
11/2/2018,1233.30,1233.30,1230.90,1230.90,1230.90,18.00
11/1/2018,1215.40,1236.00,1215.40,1236.00,1236.00,14.00
10/31/2018,1216.00,1216.60,1212.00,1212.30,1212.30,121.00
10/30/2018,1227.70,1227.70,1219.80,1222.60,1222.60,72.00
10/29/2018,1224.50,1224.50,1224.50,1224.50,1224.50,214.00
10/26/2018,1234.30,1234.80,1232.50,1232.50,1232.50,20.00
10/25/2018,1238.60,1238.60,1229.10,1229.10,1229.10,7.00
10/24/2018,1231.60,1231.60,1227.80,1227.80,1227.80,36.00
10/23/2018,1224.80,1237.80,1224.80,1233.40,1233.40,33.00
10/22/2018,1224.50,1224.50,1219.60,1221.20,1221.20,18.00
10/19/2018,1225.30,1225.30,1225.30,1225.30,1225.30,55.00
10/18/2018,1226.50,1226.50,1226.50,1226.50,1226.50,165.00
10/17/2018,1225.90,1225.90,1223.70,1223.70,1223.70,1.00
10/16/2018,1227.10,1230.50,1227.10,1227.30,1227.30,426.00
10/15/2018,1222.40,1232.30,1222.40,1226.40,1226.40,136.00
10/12/2018,1221.60,1221.60,1216.00,1218.10,1218.10,122.00
10/11/2018,1198.10,1224.60,1196.30,1223.50,1223.50,126.00
10/10/2018,1189.30,1192.00,1189.30,1189.30,1189.30,1078.00
10/9/2018,1185.60,1189.10,1185.60,1187.20,1187.20,9.00
10/8/2018,1201.00,1201.00,1183.70,1184.40,1184.40,250.00
10/5/2018,1197.10,1205.30,1196.90,1201.20,1201.20,34.00
10/4/2018,1199.30,1204.60,1197.20,1197.20,1197.20,496.00
10/3/2018,1202.60,1202.60,1196.60,1198.30,1198.30,76.00
10/2/2018,1193.00,1206.00,1190.30,1202.40,1202.40,451.00
10/1/2018,1191.60,1191.60,1185.80,1187.10,1187.10,180.00
9/28/2018,1181.70,1191.90,1180.00,1191.50,1191.50,404.00
9/27/2018,1194.60,1197.30,1180.50,1182.30,1182.30,4947.00
9/26/2018,1194.00,1194.00,1194.00,1194.00,1194.00,17857.00
9/25/2018,1202.10,1202.80,1200.00,1200.00,1200.00,21.00
9/14/2018,1195.00,1195.00,1195.00,1195.00,1195.00,1.00
9/13/2018,1203.40,1203.40,1200.00,1202.00,1202.00,22.00
9/12/2018,1205.00,1205.00,1204.70,1204.70,1204.70,37.00
9/11/2018,1190.40,1196.30,1190.40,1195.40,1195.40,21.00
9/10/2018,1193.00,1193.00,1193.00,1193.00,1193.00,11.00
9/7/2018,1198.30,1198.30,1193.10,1193.60,1193.60,29.00
9/6/2018,1202.00,1202.00,1197.90,1197.90,1197.90,7.00
9/5/2018,1192.50,1196.00,1192.50,1194.90,1194.90,21.00
9/4/2018,1193.80,1193.80,1189.90,1192.70,1192.70,26.00
8/31/2018,1207.10,1208.20,1199.10,1200.30,1200.30,191.00
8/30/2018,1205.40,1205.60,1196.00,1197.70,1197.70,493.00
8/29/2018,1205.20,1205.20,1202.40,1204.50,1204.50,817.00
8/28/2018,1209.70,1217.00,1202.30,1207.40,1207.40,136.00
8/27/2018,1210.30,1211.40,1205.20,1209.00,1209.00,154.00
8/24/2018,1185.30,1208.00,1185.30,1206.30,1206.30,12.00
8/23/2018,1189.30,1190.30,1184.90,1187.00,1187.00,95.00
8/22/2018,1194.70,1196.30,1194.70,1196.30,1196.30,17.00
8/21/2018,1189.80,1192.60,1189.80,1192.60,1192.60,22.00
8/20/2018,1184.80,1190.00,1184.40,1186.80,1186.80,68.00
8/17/2018,1174.70,1181.20,1174.70,1176.50,1176.50,66.00
8/16/2018,1173.20,1180.20,1161.40,1176.20,1176.20,123.00
8/15/2018,1187.80,1188.10,1174.60,1177.50,1177.50,71.00
8/14/2018,1193.10,1197.50,1192.80,1193.00,1193.00,92.00
8/13/2018,1207.00,1207.40,1191.30,1191.30,1191.30,78.00
8/10/2018,1212.50,1216.40,1205.60,1211.10,1211.10,75.00
8/9/2018,1214.50,1215.30,1211.60,1211.90,1211.90,44.00
8/8/2018,1212.00,1215.20,1205.90,1212.60,1212.60,209.00
8/7/2018,1207.80,1214.80,1207.80,1209.60,1209.60,715.00
8/6/2018,1214.40,1214.40,1206.60,1208.60,1208.60,297.00
8/3/2018,1206.50,1218.60,1205.10,1214.20,1214.20,784.00
8/2/2018,1214.70,1219.30,1205.80,1210.60,1210.60,411.00
8/1/2018,1222.90,1223.70,1214.40,1217.90,1217.90,1026.00
7/31/2018,1220.40,1228.10,1213.00,1223.70,1223.70,2722.00
7/30/2018,1222.50,1223.90,1218.10,1221.30,1221.30,62239.00
7/27/2018,1222.60,1222.60,1222.60,1222.60,1222.60,254428.00
7/26/2018,1227.80,1227.80,1225.30,1225.30,1225.30,1.00
7/23/2018,1222.00,1224.00,1222.00,1224.00,1224.00,1.00
7/19/2018,1227.20,1228.00,1211.70,1222.40,1222.40,33.00
7/18/2018,1226.70,1226.70,1222.20,1226.30,1226.30,67.00
7/16/2018,1242.70,1243.80,1238.10,1238.10,1238.10,2.00
7/13/2018,1244.70,1247.00,1239.60,1239.60,1239.60,2.00
7/12/2018,1240.90,1246.70,1240.90,1245.00,1245.00,7.00
7/11/2018,1253.20,1253.20,1242.80,1242.80,1242.80,30.00
7/10/2018,1256.20,1256.90,1249.30,1253.80,1253.80,65.00
7/9/2018,1258.20,1262.30,1257.70,1258.10,1258.10,37.00
7/6/2018,1255.50,1255.50,1254.30,1254.30,1254.30,7.00
7/5/2018,1255.50,1257.30,1253.60,1257.30,1257.30,9.00
7/3/2018,1238.10,1254.10,1237.00,1251.60,1251.60,36.00
7/2/2018,1249.90,1249.90,1239.80,1239.80,1239.80,29.00
6/29/2018,1250.30,1253.30,1249.10,1251.30,1251.30,48.00
6/28/2018,1251.70,1251.70,1244.80,1247.80,1247.80,378.00
6/27/2018,1255.50,1255.50,1252.30,1252.80,1252.80,1162.00
6/26/2018,1267.20,1267.20,1256.60,1256.60,1256.60,89.00
6/25/2018,1270.60,1271.20,1265.60,1265.60,1265.60,37.00
6/22/2018,1268.10,1270.20,1267.00,1267.40,1267.40,74.00
6/21/2018,1262.70,1268.90,1260.00,1267.20,1267.20,46.00
6/20/2018,1274.40,1274.40,1271.20,1271.20,1271.20,7.00
6/19/2018,1278.70,1281.80,1269.90,1275.60,1275.60,34.00
6/18/2018,1280.70,1280.70,1276.20,1276.20,1276.20,35.00
6/15/2018,1297.20,1307.70,1274.00,1274.60,1274.60,589.00
6/14/2018,1297.20,1307.70,1297.20,1304.00,1304.00,42.00
6/13/2018,1294.00,1299.40,1290.90,1296.90,1296.90,135.00
6/12/2018,1297.80,1298.10,1292.70,1295.10,1295.10,153.00
6/11/2018,1299.30,1302.00,1295.20,1298.90,1298.90,71.00
6/8/2018,1295.30,1299.40,1294.80,1298.10,1298.10,650.00
6/7/2018,1298.40,1302.80,1296.20,1298.70,1298.70,79.00
6/6/2018,1296.10,1300.40,1294.10,1297.10,1297.10,373.00
6/5/2018,1292.10,1299.80,1289.90,1297.50,1297.50,357.00
6/4/2018,1293.90,1297.10,1290.00,1293.10,1293.10,144.00
6/1/2018,1298.60,1299.50,1288.90,1294.80,1294.80,663.00
5/31/2018,1301.00,1306.80,1296.60,1300.10,1300.10,4082.00
5/30/2018,1298.00,1303.70,1295.20,1301.50,1301.50,50845.00
5/29/2018,1298.70,1298.70,1298.70,1298.70,1298.70,386334.00
5/25/2018,1303.30,1303.30,1303.30,1303.30,1303.30,1.00
5/23/2018,1289.30,1289.30,1289.30,1289.30,1289.30,10.00
5/22/2018,1291.70,1291.70,1291.70,1291.70,1291.70,50.00
5/21/2018,1287.40,1292.10,1287.40,1290.20,1290.20,52.00
5/18/2018,1285.20,1290.20,1285.20,1290.20,1290.20,2.00
5/17/2018,1291.30,1291.30,1288.20,1288.20,1288.20,2.00
5/16/2018,1290.90,1294.00,1285.40,1290.20,1290.20,26.00
5/15/2018,1304.60,1304.70,1288.90,1288.90,1288.90,8.00
5/14/2018,1319.90,1319.90,1316.50,1316.50,1316.50,4.00
5/11/2018,1319.00,1319.00,1319.00,1319.00,1319.00,3.00
5/10/2018,1312.20,1320.80,1312.20,1320.80,1320.80,8.00
5/9/2018,1311.30,1311.30,1311.30,1311.30,1311.30,70.00
5/8/2018,1310.10,1312.00,1308.50,1312.00,1312.00,337.00
5/7/2018,1310.60,1312.50,1310.20,1312.20,1312.20,4.00
5/3/2018,1310.70,1310.70,1310.70,1310.70,1310.70,4.00
5/2/2018,1309.00,1309.30,1302.60,1302.60,1302.60,23.00
5/1/2018,1313.20,1313.80,1303.40,1303.80,1303.80,28.00
4/30/2018,1309.60,1316.20,1309.60,1316.20,1316.20,49.00
4/27/2018,1315.30,1321.70,1312.80,1320.30,1320.30,622.00
4/26/2018,1315.70,1316.30,1315.70,1316.30,1316.30,569.00
4/25/2018,1324.00,1325.00,1320.00,1321.20,1321.20,278.00
4/24/2018,1326.40,1331.70,1326.20,1331.40,1331.40,28.00
4/23/2018,1334.00,1334.40,1322.50,1322.50,1322.50,68.00
4/20/2018,1342.50,1343.40,1335.30,1336.70,1336.70,310.00
4/19/2018,1348.60,1355.20,1341.60,1346.80,1346.80,387.00
4/18/2018,1343.50,1354.20,1343.50,1351.20,1351.20,45.00
4/17/2018,1348.00,1348.10,1339.00,1347.20,1347.20,409.00
4/16/2018,1341.00,1348.80,1341.00,1347.50,1347.50,60.00
4/13/2018,1335.90,1346.00,1335.90,1344.80,1344.80,67.00
4/12/2018,1351.20,1351.50,1334.60,1338.40,1338.40,34.00
4/11/2018,1340.10,1365.40,1340.10,1356.50,1356.50,118.00
4/10/2018,1335.20,1342.00,1333.00,1342.00,1342.00,105.00
4/9/2018,1333.00,1337.50,1327.00,1336.30,1336.30,290.00
4/6/2018,1326.50,1333.00,1319.00,1331.90,1331.90,348.00
4/5/2018,1333.50,1333.70,1322.60,1324.30,1324.30,258.00
4/4/2018,1331.80,1347.30,1331.60,1335.80,1335.80,718.00
4/3/2018,1340.40,1341.50,1328.50,1332.80,1332.80,702.00
4/2/2018,1327.00,1344.20,1324.70,1342.10,1342.10,649.00
